1,11/03/1996,41,05,04,52,30,33
2,18/03/1996,09,39,37,49,43,41
3,25/03/1996,36,30,10,11,29,47
4,01/04/1996,06,59,42,27,01,05
5,08/04/1996,01,19,46,06,16,02
6,15/04/1996,19,40,07,13,22,47
7,22/04/1996,56,38,21,20,03,05
8,29/04/1996,53,17,38,04,47,37
9,06/05/1996,55,43,56,54,08,60
10,13/05/1996,25,04,18,57,21,38
11,20/05/1996,25,15,58,37,59,38
12,27/05/1996,20,27,43,16,19,04
13,03/06/1996,47,32,50,54,18,56
14,10/06/1996,16,02,27,47,23,53
15,17/06/1996,60,12,33,52,35,51
16,24/06/1996,60,58,49,32,20,34
17,01/07/1996,10,20,06,19,51,13
18,08/07/1996,37,36,56,27,42,23
19,15/07/1996,05,25,12,10,60,24
20,22/07/1996,25,28,30,33,51,11
21,29/07/1996,49,46,06,53,33,36
22,05/08/1996,09,38,56,01,31,46
23,12/08/1996,17,52,51,59,39,37
24,19/08/1996,01,08,14,28,33,43
25,25/08/1996,56,50,55,54,24,43
26,01/09/1996,50,53,57,10,58,22
27,08/09/1996,44,33,13,51,17,20
28,15/09/1996,60,06,22,03,24,54
29,22/09/1996,14,56,58,08,43,03
30,29/09/1996,38,50,07,29,15,14
31,06/10/1996,56,19,28,48,17,45
32,13/10/1996,43,33,14,36,05,44
33,20/10/1996,05,33,49,17,42,39
34,27/10/1996,15,13,57,53,40,17
35,03/11/1996,21,57,16,23,54,04
36,10/11/1996,13,03,51,17,29,25
37,17/11/1996,22,06,07,52,38,60
38,24/11/1996,55,42,10,43,45,54
39,01/12/1996,16,37,45,52,56,12
40,08/12/1996,03,12,46,05,47,08
41,15/12/1996,38,26,35,39,12,47
42,22/12/1996,24,36,19,33,07,11
43,29/12/1996,02,58,25,06,26,17
44,05/01/1997,47,38,18,14,29,44
45,12/01/1997,30,07,37,55,44,53
46,19/01/1997,32,46,01,60,24,23
47,26/01/1997,35,17,03,48,25,56
48,02/02/1997,47,05,34,28,02,50
49,09/02/1997,33,07,43,35,13,55
50,16/02/1997,57,44,21,16,58,06
51,23/02/1997,23,24,42,25,17,47
52,02/03/1997,58,15,59,30,38,46
53,09/03/1997,42,13,03,46,38,16
54,16/03/1997,05,21,09,56,18,36
55,23/03/1997,29,02,14,38,23,52
56,30/03/1997,51,35,59,07,20,02
57,06/04/1997,27,17,16,34,07,59
58,13/04/1997,30,49,27,37,12,44
59,20/04/1997,28,13,34,02,08,54
60,27/04/1997,38,14,21,15,03,20
61,04/05/1997,59,08,18,29,42,44
62,11/05/1997,52,13,06,24,08,31
63,18/05/1997,26,09,41,49,25,40
64,25/05/1997,08,54,50,60,23,12
65,01/06/1997,20,01,05,32,25,34
66,08/06/1997,15,26,12,33,48,13
67,15/06/1997,47,14,27,52,17,12
68,22/06/1997,53,13,03,01,12,59
69,29/06/1997,56,58,34,53,25,45
70,06/07/1997,40,17,23,43,27,58
71,13/07/1997,53,16,45,43,33,27
72,20/07/1997,19,48,43,01,34,44
73,27/07/1997,57,25,45,28,51,26
74,03/08/1997,02,24,34,50,38,37
75,10/08/1997,36,49,37,35,24,21
76,17/08/1997,33,18,23,08,17,53
77,24/08/1997,29,54,40,57,49,21
78,31/08/1997,22,32,46,12,25,31
79,07/09/1997,43,25,02,13,31,17
80,14/09/1997,51,40,37,23,48,28
81,21/09/1997,47,41,10,60,54,23
82,28/09/1997,51,36,53,29,18,15
83,05/10/1997,24,16,04,42,57,15
84,12/10/1997,10,34,04,06,25,40
85,19/10/1997,47,15,30,37,45,06
86,26/10/1997,54,21,06,34,36,22
87,02/11/1997,40,04,28,32,11,05
88,09/11/1997,45,37,29,04,43,18
89,16/11/1997,59,42,34,13,44,55
90,23/11/1997,21,26,40,54,09,52
91,30/11/1997,60,04,10,35,39,02
92,07/12/1997,05,23,51,03,01,24
93,14/12/1997,22,53,31,28,02,36
94,21/12/1997,28,51,55,18,52,08
95,28/12/1997,46,60,06,40,50,45
96,04/01/1998,04,42,58,26,07,40
97,11/01/1998,56,53,11,14,05,35
98,18/01/1998,43,33,14,31,35,13
99,25/01/1998,30,33,24,11,46,60
100,01/02/1998,46,48,30,14,29,51
101,08/02/1998,39,01,37,31,29,18
102,15/02/1998,44,42,37,56,19,20
103,22/02/1998,09,01,57,07,54,49
104,01/03/1998,13,01,38,21,52,04
105,08/03/1998,03,13,31,43,46,49
106,15/03/1998,24,16,38,05,39,35
107,22/03/1998,02,24,52,04,16,51
108,29/03/1998,60,29,34,24,21,59
109,04/04/1998,54,13,44,49,48,01
110,11/04/1998,57,58,18,31,43,52
111,18/04/1998,52,32,04,33,25,22
112,25/04/1998,37,43,34,20,12,42
113,02/05/1998,34,54,26,28,55,07
114,09/05/1998,47,54,18,06,12,37
115,16/05/1998,06,14,24,20,04,38
116,23/05/1998,36,42,32,05,13,51
117,30/05/1998,53,42,27,20,33,25
118,06/06/1998,22,57,37,09,25,56
119,13/06/1998,47,21,01,50,36,38
120,20/06/1998,46,45,16,40,27,03
121,27/06/1998,53,41,44,02,29,55
122,04/07/1998,20,43,39,11,53,17
123,11/07/1998,13,42,16,32,14,26
124,18/07/1998,52,05,34,57,15,41
125,25/07/1998,56,47,25,59,53,41
126,01/08/1998,32,28,06,10,11,40
127,08/08/1998,59,21,51,54,29,50
128,15/08/1998,23,43,03,21,09,18
129,22/08/1998,46,54,10,09,01,32
130,29/08/1998,13,42,38,49,53,29
131,05/09/1998,30,09,17,27,04,44
132,12/09/1998,44,35,50,41,09,07
133,19/09/1998,19,57,06,39,34,05
134,26/09/1998,60,32,25,36,52,04
135,03/10/1998,35,40,21,59,53,22
136,10/10/1998,17,25,45,38,01,59
137,17/10/1998,26,15,16,22,19,49
138,24/10/1998,41,14,37,05,40,27
139,31/10/1998,26,27,13,42,41,03
140,07/11/1998,55,31,46,44,41,07
141,14/11/1998,10,22,42,13,41,58
142,21/11/1998,20,59,19,54,15,08
143,28/11/1998,40,18,06,20,50,53
144,05/12/1998,08,32,44,36,45,55
145,12/12/1998,43,15,41,51,16,31
146,19/12/1998,51,34,25,60,42,32
147,24/12/1998,24,06,38,23,28,16
148,31/12/1998,32,55,59,41,58,35
149,09/01/1999,11,45,48,07,28,20
150,16/01/1999,50,44,12,55,52,54
151,23/01/1999,03,43,16,56,52,20
152,30/01/1999,12,05,15,51,58,29
153,06/02/1999,47,02,31,42,45,30
154,13/02/1999,08,10,24,33,45,48
155,20/02/1999,12,32,44,43,35,30
156,27/02/1999,52,23,42,17,55,49
157,06/03/1999,17,13,04,44,41,21
158,13/03/1999,58,43,51,14,17,04
159,20/03/1999,16,09,50,58,11,35
160,27/03/1999,13,42,52,58,02,54
161,03/04/1999,25,37,30,39,06,41
162,10/04/1999,23,33,51,38,48,21
163,17/04/1999,41,56,27,36,53,08
164,24/04/1999,04,19,14,10,44,28
165,01/05/1999,39,56,19,23,10,35
166,08/05/1999,60,57,59,13,12,22
167,15/05/1999,01,38,48,28,11,33
168,22/05/1999,45,02,35,09,50,31
169,29/05/1999,52,51,37,13,21,01
170,05/06/1999,07,51,55,41,58,46
171,12/06/1999,54,27,04,43,40,46
172,19/06/1999,49,36,14,26,35,10
173,26/06/1999,29,28,49,17,42,50
174,03/07/1999,11,52,22,23,36,59
175,10/07/1999,10,20,13,01,42,50
176,17/07/1999,28,04,01,45,53,03
177,24/07/1999,35,22,39,41,59,38
178,31/07/1999,05,27,19,26,15,33
179,07/08/1999,06,53,05,26,27,23
180,14/08/1999,39,06,29,60,51,23
181,21/08/1999,33,01,55,35,51,27
182,28/08/1999,46,60,05,10,28,03
183,04/09/1999,16,11,07,40,44,02
184,11/09/1999,09,60,21,16,41,34
185,18/09/1999,59,17,22,46,43,55
186,25/09/1999,24,26,51,25,14,23
187,02/10/1999,06,44,58,41,36,48
188,10/10/1999,34,42,43,46,27,17
189,16/10/1999,41,53,38,04,31,15
190,24/10/1999,32,40,42,21,10,05
191,31/10/1999,58,05,41,03,01,23
192,06/11/1999,01,60,26,41,28,54
193,13/11/1999,12,04,11,49,43,19
194,20/11/1999,32,42,43,25,28,33
195,27/11/1999,17,03,44,37,09,32
196,04/12/1999,32,17,09,14,24,07
197,11/12/1999,19,52,29,15,12,05
198,18/12/1999,40,23,01,18,35,08
199,24/12/1999,52,37,57,16,10,50
200,31/12/1999,12,15,44,34,51,19
201,08/01/2000,55,22,05,30,35,20
202,15/01/2000,49,53,44,12,24,45
203,22/01/2000,11,55,44,19,29,47
204,29/01/2000,31,41,51,39,58,29
205,05/02/2000,26,32,54,43,46,40
206,12/02/2000,20,26,56,18,34,51
207,19/02/2000,19,07,03,55,24,53
208,26/02/2000,23,15,57,24,47,25
209,04/03/2000,13,52,32,41,21,26
210,11/03/2000,37,58,20,38,48,32
211,18/03/2000,10,20,40,45,50,33
212,25/03/2000,29,57,15,45,59,06
213,01/04/2000,03,30,09,35,23,32
214,08/04/2000,30,12,06,50,35,31
215,15/04/2000,07,58,28,53,37,46
216,22/04/2000,35,42,59,18,30,14
217,29/04/2000,27,32,03,51,49,45
218,06/05/2000,54,40,42,17,47,12
219,13/05/2000,26,23,49,28,42,36
220,20/05/2000,36,53,55,13,60,14
221,27/05/2000,54,13,58,43,50,27
222,03/06/2000,05,48,30,55,52,19
223,10/06/2000,28,24,22,02,58,06
224,17/06/2000,20,16,18,07,44,21
225,24/06/2000,21,16,04,37,02,58
226,01/07/2000,02,50,59,38,49,01
227,08/07/2000,37,26,27,42,11,48
228,15/07/2000,16,40,45,59,43,13
229,22/07/2000,39,45,11,21,33,13
230,29/07/2000,56,44,41,40,08,53
231,05/08/2000,16,59,27,42,44,36
232,12/08/2000,29,19,41,22,37,59
233,19/08/2000,45,03,24,36,07,32
234,26/08/2000,15,45,54,25,42,41
235,02/09/2000,29,41,55,02,31,22
236,09/09/2000,10,52,50,57,25,60
237,16/09/2000,36,07,45,31,56,57
238,23/09/2000,15,09,41,13,37,42
239,30/09/2000,33,21,44,46,47,06
240,07/10/2000,59,28,25,41,57,38
241,14/10/2000,11,57,40,35,56,31
242,21/10/2000,22,07,04,21,28,56
243,28/10/2000,20,47,23,32,16,11
244,04/11/2000,19,60,50,24,47,33
245,11/11/2000,44,51,27,53,08,60
246,18/11/2000,02,57,32,43,16,37
247,25/11/2000,34,03,30,10,23,46
248,02/12/2000,56,16,34,41,35,32
249,09/12/2000,21,55,54,40,36,49
250,16/12/2000,55,25,41,42,43,07
251,23/12/2000,34,15,23,55,49,30
252,30/12/2000,17,54,04,51,32,26
253,06/01/2001,12,11,56,44,24,37
254,13/01/2001,04,30,56,21,22,01
255,20/01/2001,32,44,55,19,20,16
256,27/01/2001,21,52,34,26,02,32
257,03/02/2001,28,05,01,34,04,19
258,10/02/2001,12,60,54,07,55,50
259,17/02/2001,20,43,33,13,15,58
260,24/02/2001,43,04,60,59,06,33
261,03/03/2001,05,54,20,56,30,16
262,10/03/2001,53,60,48,20,58,11
263,17/03/2001,08,50,26,09,53,43
264,24/03/2001,05,25,31,13,01,33
265,31/03/2001,07,50,53,16,41,34
266,07/04/2001,38,54,48,23,02,46
267,14/04/2001,58,01,45,55,08,46
268,21/04/2001,21,10,47,06,05,33
269,28/04/2001,19,18,52,25,17,49
270,05/05/2001,45,27,35,40,05,09
271,12/05/2001,14,31,54,29,26,24
272,19/05/2001,36,58,09,10,56,24
273,26/05/2001,47,52,10,27,23,17
274,02/06/2001,11,39,47,18,13,26
275,09/06/2001,16,30,19,38,48,37
276,16/06/2001,53,59,39,45,22,57
277,23/06/2001,40,26,38,04,56,52
278,30/06/2001,22,10,18,55,15,31
279,07/07/2001,31,59,04,58,23,47
280,14/07/2001,05,16,30,25,58,20
281,21/07/2001,11,05,47,31,53,38
282,28/07/2001,33,24,36,09,14,23
283,01/08/2001,48,34,28,54,25,42
284,04/08/2001,08,36,14,32,30,07
285,08/08/2001,50,56,41,12,32,37
286,11/08/2001,44,37,56,29,47,35
287,15/08/2001,60,47,03,33,25,13
288,18/08/2001,50,09,18,11,06,17
289,22/08/2001,36,06,30,20,07,25
290,25/08/2001,57,30,07,25,40,26
291,29/08/2001,22,16,05,41,18,17
292,01/09/2001,24,34,53,45,23,13
293,05/09/2001,06,12,35,05,28,07
294,08/09/2001,28,45,41,22,57,25
295,12/09/2001,24,44,07,31,12,50
296,15/09/2001,20,51,42,03,52,46
297,19/09/2001,20,28,41,01,33,36
298,22/09/2001,22,34,24,23,05,60
299,26/09/2001,07,05,02,53,33,49
300,29/09/2001,27,57,41,38,28,24
301,03/10/2001,58,26,49,57,48,09
302,06/10/2001,25,40,12,60,30,41
303,10/10/2001,07,13,30,37,47,17
304,13/10/2001,42,07,11,34,59,41
305,17/10/2001,11,05,27,60,38,53
306,20/10/2001,30,19,57,41,56,47
307,24/10/2001,26,17,13,41,16,44
308,27/10/2001,55,25,04,11,29,39
309,31/10/2001,39,50,25,55,11,04
310,03/11/2001,28,14,29,02,31,32
311,07/11/2001,32,22,24,41,30,38
312,10/11/2001,14,30,50,41,47,23
313,14/11/2001,14,38,53,24,16,37
314,17/11/2001,05,32,40,58,37,34
315,21/11/2001,50,21,43,12,28,22
316,24/11/2001,28,51,56,06,24,43
317,28/11/2001,27,20,48,16,30,35
318,01/12/2001,19,53,40,03,31,20
319,05/12/2001,12,16,23,17,19,48
320,08/12/2001,20,53,47,50,22,27
321,12/12/2001,11,31,32,48,49,04
322,15/12/2001,18,11,29,44,47,56
323,19/12/2001,31,49,54,33,26,40
324,22/12/2001,22,08,30,15,47,25
325,29/12/2001,04,23,03,01,21,53
326,05/01/2002,52,23,40,51,44,21
327,09/01/2002,46,38,29,33,32,48
328,12/01/2002,51,05,23,07,14,21
329,16/01/2002,24,11,40,12,35,10
330,19/01/2002,02,04,23,37,14,51
331,23/01/2002,27,01,35,20,37,13
332,26/01/2002,28,23,42,29,44,34
333,30/01/2002,35,27,53,44,52,04
334,02/02/2002,41,26,51,14,24,23
335,06/02/2002,43,33,57,23,59,07
336,09/02/2002,02,18,54,22,30,26
337,16/02/2002,31,52,14,54,16,04
338,20/02/2002,48,46,09,01,36,04
339,23/02/2002,13,16,12,05,27,50
340,27/02/2002,10,60,42,09,33,12
341,02/03/2002,56,23,22,43,16,05
342,06/03/2002,29,49,54,51,16,34
343,09/03/2002,04,06,07,24,12,41
344,13/03/2002,33,36,12,35,10,14
345,16/03/2002,56,11,58,46,51,22
346,20/03/2002,56,07,46,60,41,12
347,23/03/2002,26,10,52,01,12,48
348,27/03/2002,39,40,33,52,19,30
349,30/03/2002,09,38,32,08,54,28
350,03/04/2002,23,30,43,10,15,57
351,06/04/2002,15,16,59,60,24,41
352,10/04/2002,49,07,47,25,20,44
353,13/04/2002,60,46,30,55,23,19
354,17/04/2002,40,52,38,16,07,41
355,20/04/2002,02,37,22,60,14,23
356,24/04/2002,54,19,05,58,56,21
357,27/04/2002,45,53,32,02,30,35
358,04/05/2002,40,42,32,12,21,17
359,08/05/2002,31,54,20,29,13,19
360,11/05/2002,47,24,29,55,53,23
361,15/05/2002,41,28,45,31,16,59
362,18/05/2002,37,20,33,46,07,56
363,22/05/2002,39,54,29,49,47,19
364,25/05/2002,59,44,29,05,51,57
365,29/05/2002,52,19,34,37,58,23
366,01/06/2002,06,04,51,07,21,15
367,05/06/2002,52,49,27,33,12,10
368,08/06/2002,13,50,38,32,44,29
369,12/06/2002,21,42,01,60,35,14
370,15/06/2002,51,42,04,54,01,40
371,19/06/2002,23,33,39,04,60,18
372,22/06/2002,24,17,46,57,16,39
373,26/06/2002,31,33,24,10,05,01
374,29/06/2002,54,02,26,05,44,16
375,03/07/2002,51,09,42,05,58,01
376,06/07/2002,25,13,10,43,35,48
377,10/07/2002,46,19,03,45,12,27
378,13/07/2002,55,45,48,41,05,38
379,17/07/2002,41,55,24,59,33,40
380,20/07/2002,47,22,13,30,31,57
381,24/07/2002,09,56,46,28,10,55
382,27/07/2002,54,38,53,31,37,34
383,31/07/2002,48,22,53,56,50,14
384,03/08/2002,28,50,47,24,40,52
385,07/08/2002,22,12,24,18,05,16
386,10/08/2002,39,54,43,36,17,35
387,14/08/2002,29,28,48,47,43,22
388,17/08/2002,52,48,53,58,23,36
389,21/08/2002,46,14,54,18,43,05
390,24/08/2002,07,22,34,12,38,53
391,28/08/2002,07,15,35,16,40,04
392,31/08/2002,49,47,39,31,15,23
393,04/09/2002,12,50,36,06,35,40
394,07/09/2002,15,49,42,05,45,35
395,11/09/2002,11,58,31,14,10,20
396,14/09/2002,47,18,06,45,34,42
397,18/09/2002,32,24,02,05,01,46
398,21/09/2002,28,07,16,37,36,22
399,25/09/2002,59,55,16,27,47,11
400,28/09/2002,29,59,13,10,54,28
401,02/10/2002,50,18,44,53,11,43
402,05/10/2002,27,43,58,05,16,56
403,09/10/2002,46,31,07,16,60,27
404,12/10/2002,24,38,58,01,40,28
405,16/10/2002,57,60,34,24,29,47
406,19/10/2002,47,32,48,12,38,02
407,23/10/2002,49,02,18,51,22,57
408,26/10/2002,49,44,33,28,56,14
409,30/10/2002,26,49,25,18,31,34
410,02/11/2002,31,55,36,24,08,38
411,06/11/2002,10,56,12,31,45,38
412,09/11/2002,45,05,14,21,59,12
413,13/11/2002,35,53,29,33,02,04
414,16/11/2002,35,26,58,52,45,16
415,20/11/2002,38,44,04,01,27,42
416,23/11/2002,13,01,23,56,54,33
417,27/11/2002,25,07,12,21,42,34
418,30/11/2002,45,08,32,49,15,52
419,04/12/2002,41,42,52,53,16,09
420,07/12/2002,43,12,59,30,57,29
421,11/12/2002,38,45,35,37,05,51
422,14/12/2002,60,12,56,37,55,43
423,18/12/2002,08,22,33,40,32,53
424,21/12/2002,29,36,27,18,59,46
425,28/12/2002,06,16,10,34,47,42
426,04/01/2003,07,32,54,50,30,37
427,08/01/2003,51,13,43,24,03,14
428,11/01/2003,60,08,32,28,46,30
429,15/01/2003,55,32,17,36,26,43
430,18/01/2003,50,21,10,25,38,08
431,22/01/2003,58,26,40,37,47,52
432,25/01/2003,50,17,13,27,04,39
433,29/01/2003,36,17,28,16,54,30
434,01/02/2003,24,17,04,54,30,10
435,05/02/2003,37,11,17,31,43,10
436,08/02/2003,01,06,57,29,48,07
437,12/02/2003,54,10,59,44,30,07
438,15/02/2003,38,48,14,03,11,05
439,19/02/2003,42,13,20,29,43,57
440,22/02/2003,46,23,30,47,05,03
441,26/02/2003,02,15,58,10,59,21
442,01/03/2003,15,31,23,06,59,37
443,08/03/2003,11,36,17,26,52,48
444,12/03/2003,48,52,57,24,03,33
445,15/03/2003,31,50,07,53,32,20
446,19/03/2003,11,20,08,47,12,17
447,22/03/2003,24,55,15,33,25,42
448,26/03/2003,05,03,52,45,09,51
449,29/03/2003,34,56,24,01,49,08
450,02/04/2003,59,51,13,01,09,50
451,05/04/2003,23,18,31,17,53,28
452,09/04/2003,54,11,51,16,36,30
453,12/04/2003,58,52,08,34,20,23
454,16/04/2003,04,17,42,56,46,24
455,19/04/2003,50,15,17,02,14,59
456,23/04/2003,17,40,22,27,33,03
457,26/04/2003,48,15,24,27,17,32
458,30/04/2003,43,53,13,32,34,24
459,03/05/2003,43,17,08,15,49,39
460,07/05/2003,19,55,30,23,37,49
461,10/05/2003,30,17,20,29,15,60
462,14/05/2003,27,48,17,19,26,22
463,17/05/2003,07,18,02,45,03,53
464,21/05/2003,06,33,45,38,24,50
465,24/05/2003,46,31,01,57,22,51
466,28/05/2003,28,16,45,29,30,11
467,31/05/2003,38,21,08,22,18,60
468,04/06/2003,23,06,25,39,51,05
469,07/06/2003,29,47,42,21,13,26
470,11/06/2003,51,58,23,11,08,37
471,14/06/2003,51,59,31,05,36,32
472,18/06/2003,12,03,38,29,51,04
473,21/06/2003,51,07,58,49,23,41
474,25/06/2003,34,03,12,50,32,40
475,28/06/2003,19,06,43,52,08,22
476,02/07/2003,38,43,20,55,17,58
477,05/07/2003,47,34,08,06,18,38
478,09/07/2003,30,08,31,03,21,25
479,12/07/2003,20,54,58,26,41,46
480,16/07/2003,36,38,33,14,49,41
481,19/07/2003,42,06,24,44,22,13
482,23/07/2003,13,56,12,33,53,54
483,26/07/2003,16,23,35,18,44,59
484,30/07/2003,53,19,38,18,17,49
485,02/08/2003,38,28,52,30,19,57
486,06/08/2003,50,42,19,08,30,14
487,09/08/2003,25,22,48,52,54,08
488,13/08/2003,30,39,35,43,15,57
489,16/08/2003,28,36,17,53,33,59
490,20/08/2003,05,11,29,54,23,58
491,23/08/2003,22,43,15,55,09,01
492,27/08/2003,57,02,15,06,56,18
493,30/08/2003,54,20,03,18,42,24
494,03/09/2003,28,32,49,53,18,20
495,06/09/2003,36,15,60,08,29,49
496,10/09/2003,41,20,19,29,59,10
497,13/09/2003,09,41,32,13,58,20
498,17/09/2003,49,28,02,06,57,50
499,20/09/2003,59,01,11,05,44,04
500,27/09/2003,35,21,54,29,38,36
501,01/10/2003,34,27,56,28,16,39
502,04/10/2003,50,07,33,21,24,13
503,08/10/2003,10,21,48,27,49,07
504,11/10/2003,39,19,11,08,50,30
505,15/10/2003,47,20,52,03,46,28
506,18/10/2003,31,37,34,15,38,04
507,22/10/2003,44,58,05,27,33,03
508,25/10/2003,46,56,05,15,45,10
509,29/10/2003,32,55,34,35,28,33
510,01/11/2003,30,45,58,01,04,41
511,05/11/2003,08,36,34,37,03,04
512,08/11/2003,08,40,58,04,53,31
513,12/11/2003,46,10,27,19,33,39
514,15/11/2003,15,52,40,36,51,42
515,19/11/2003,39,16,57,15,45,48
516,22/11/2003,24,05,34,13,35,33
517,26/11/2003,51,32,08,28,38,07
518,29/11/2003,44,08,05,15,18,10
519,03/12/2003,09,36,15,19,42,22
520,06/12/2003,32,34,17,35,09,12
521,10/12/2003,28,32,38,25,15,45
522,13/12/2003,49,52,15,25,14,06
523,17/12/2003,45,58,40,39,28,44
524,20/12/2003,47,29,34,48,19,41
525,27/12/2003,26,32,24,49,08,10
526,03/01/2004,03,59,21,36,55,31
527,07/01/2004,17,14,50,52,06,26
528,10/01/2004,34,28,37,12,08,31
529,14/01/2004,56,45,13,33,38,01
530,17/01/2004,32,21,25,01,06,49
531,21/01/2004,03,01,35,07,18,50
532,24/01/2004,13,04,12,53,09,52
533,28/01/2004,27,18,13,59,21,53
534,31/01/2004,48,57,23,08,31,03
535,04/02/2004,49,14,47,56,06,28
536,07/02/2004,14,22,25,15,37,23
537,11/02/2004,37,03,19,34,39,07
538,14/02/2004,45,43,56,25,52,03
539,18/02/2004,16,50,55,06,47,19
540,21/02/2004,22,04,30,44,28,49
541,28/02/2004,58,57,27,13,49,52
542,03/03/2004,49,04,19,28,35,06
543,06/03/2004,35,54,37,42,49,46
544,10/03/2004,11,33,56,47,17,34
545,13/03/2004,43,35,57,29,40,17
546,17/03/2004,46,04,54,17,13,05
547,20/03/2004,04,59,13,53,28,30
548,24/03/2004,51,49,14,47,59,58
549,27/03/2004,13,51,58,22,46,08
550,31/03/2004,17,56,16,38,39,45
551,03/04/2004,56,48,57,21,12,46
552,07/04/2004,22,54,52,47,49,09
553,10/04/2004,43,46,58,53,54,04
554,14/04/2004,47,29,31,15,60,42
555,17/04/2004,49,05,23,33,45,31
556,21/04/2004,08,45,30,33,17,10
557,24/04/2004,18,49,38,23,08,12
558,28/04/2004,59,57,07,58,31,14
559,01/05/2004,53,25,36,13,17,06
560,05/05/2004,32,18,11,30,02,58
561,08/05/2004,39,49,36,20,55,01
562,12/05/2004,37,35,23,16,57,55
563,15/05/2004,34,08,23,44,51,05
564,19/05/2004,38,13,32,20,10,49
565,22/05/2004,31,37,35,07,45,34
566,26/05/2004,17,06,20,18,13,37
567,29/05/2004,57,58,11,38,41,31
568,02/06/2004,25,41,17,29,13,22
569,05/06/2004,32,15,14,09,03,57
570,09/06/2004,35,32,36,33,51,15
571,12/06/2004,14,31,12,13,51,50
572,16/06/2004,33,03,20,60,09,16
573,19/06/2004,59,29,17,06,40,22
574,23/06/2004,32,23,02,10,44,17
575,26/06/2004,18,29,21,48,35,05
576,30/06/2004,18,43,52,39,07,08
577,03/07/2004,31,47,28,23,08,24
578,07/07/2004,48,03,58,18,56,23
579,10/07/2004,15,34,39,17,04,09
580,14/07/2004,38,16,18,28,15,47
581,17/07/2004,30,25,52,14,39,17
582,21/07/2004,13,40,29,59,45,51
583,24/07/2004,55,06,41,20,43,07
584,28/07/2004,30,53,23,07,32,08
585,31/07/2004,24,39,12,33,57,36
586,04/08/2004,45,38,13,11,54,39
587,07/08/2004,30,02,36,18,60,29
588,11/08/2004,45,13,46,55,53,11
589,14/08/2004,13,07,33,59,06,08
590,18/08/2004,25,51,05,18,04,28
591,21/08/2004,58,03,18,50,34,01
592,25/08/2004,55,14,59,47,13,42
593,28/08/2004,27,29,01,59,25,49
594,01/09/2004,10,53,55,29,13,47
595,04/09/2004,54,02,43,01,50,25
596,08/09/2004,43,60,28,11,54,14
597,11/09/2004,42,40,27,22,56,29
598,15/09/2004,05,16,53,38,50,34
599,18/09/2004,06,45,51,09,23,04
600,22/09/2004,18,39,54,34,31,16
601,25/09/2004,37,19,29,30,10,22
602,29/09/2004,38,60,13,07,55,46
603,02/10/2004,04,08,11,29,12,44
604,06/10/2004,41,49,51,25,15,46
605,09/10/2004,44,52,53,04,49,24
606,13/10/2004,41,06,23,55,32,35
607,16/10/2004,06,59,11,27,19,41
608,20/10/2004,30,06,37,19,24,13
609,23/10/2004,15,02,59,60,06,58
610,27/10/2004,25,49,30,43,47,45
611,30/10/2004,22,21,33,16,48,49
612,03/11/2004,55,33,15,50,53,18
613,06/11/2004,54,55,13,44,06,19
614,10/11/2004,60,31,12,48,57,16
615,13/11/2004,27,31,08,10,51,05
616,17/11/2004,24,16,26,54,12,02
617,20/11/2004,25,05,49,36,33,03
618,24/11/2004,60,10,03,08,24,13
619,27/11/2004,16,12,46,14,08,19
620,01/12/2004,22,01,29,13,32,03
621,04/12/2004,29,31,50,26,57,49
622,08/12/2004,59,27,19,29,50,38
623,11/12/2004,42,23,55,30,09,49
624,15/12/2004,39,23,34,52,08,43
625,18/12/2004,59,12,32,42,24,40
626,22/12/2004,49,08,22,18,07,39
627,29/12/2004,19,13,45,58,56,01
628,05/01/2005,08,16,22,56,58,30
629,08/01/2005,40,47,39,16,51,15
630,12/01/2005,16,53,20,60,12,45
631,15/01/2005,01,28,47,20,44,32
632,19/01/2005,02,54,48,51,19,28
633,22/01/2005,27,46,05,50,11,22
634,26/01/2005,13,41,24,42,10,56
635,29/01/2005,49,42,37,08,20,26
636,02/02/2005,30,32,34,50,28,26
637,05/02/2005,52,58,43,48,11,18
638,12/02/2005,42,10,50,41,11,36
639,16/02/2005,51,39,35,60,45,13
640,19/02/2005,12,42,59,46,19,60
641,23/02/2005,17,13,33,09,01,34
642,26/02/2005,51,17,56,36,44,40
643,02/03/2005,14,45,24,37,40,42
644,05/03/2005,57,29,31,27,34,14
645,09/03/2005,52,48,24,53,54,03
646,12/03/2005,13,47,60,32,49,10
647,16/03/2005,56,19,11,14,12,54
648,19/03/2005,05,48,23,42,45,29
649,23/03/2005,09,54,41,48,33,24
650,26/03/2005,53,59,25,29,10,24
651,30/03/2005,39,45,28,26,48,60
652,02/04/2005,24,18,57,56,10,20
653,06/04/2005,31,24,19,34,09,05
654,09/04/2005,10,11,56,40,41,06
655,13/04/2005,26,39,01,37,43,48
656,16/04/2005,59,37,46,36,35,51
657,20/04/2005,20,59,58,33,60,16
658,23/04/2005,41,20,36,03,11,06
659,27/04/2005,14,29,40,34,51,52
660,30/04/2005,53,05,38,54,46,11
661,04/05/2005,42,40,27,04,55,36
662,07/05/2005,04,60,56,25,18,23
663,11/05/2005,01,49,30,55,27,51
664,14/05/2005,12,01,55,59,38,36
665,18/05/2005,08,47,07,48,25,18
666,21/05/2005,07,26,16,29,45,55
667,25/05/2005,05,23,16,04,49,01
668,28/05/2005,49,33,56,02,14,01
669,01/06/2005,07,41,24,40,49,27
670,04/06/2005,42,59,58,37,48,22
671,08/06/2005,27,16,39,51,09,38
672,11/06/2005,43,34,53,38,28,24
673,15/06/2005,06,40,37,11,20,34
674,18/06/2005,22,32,18,29,42,38
675,22/06/2005,50,42,30,25,43,24
676,25/06/2005,49,32,15,09,41,42
677,29/06/2005,25,10,48,08,32,55
678,02/07/2005,44,46,31,14,40,42
679,06/07/2005,37,21,54,03,58,25
680,09/07/2005,44,02,26,05,03,22
681,13/07/2005,59,21,53,25,58,38
682,16/07/2005,60,37,47,36,04,27
683,20/07/2005,43,40,12,11,02,35
684,23/07/2005,50,37,33,40,19,17
685,27/07/2005,33,27,05,56,12,43
686,30/07/2005,33,05,04,54,15,26
687,03/08/2005,59,48,01,07,41,14
688,06/08/2005,47,30,52,11,21,35
689,10/08/2005,06,60,07,31,49,51
690,13/08/2005,15,41,08,47,12,53
691,17/08/2005,55,16,58,08,37,50
692,20/08/2005,33,18,60,11,58,57
693,24/08/2005,14,50,41,17,31,13
694,27/08/2005,15,19,29,53,37,41
695,31/08/2005,13,40,21,52,06,11
696,03/09/2005,37,16,34,57,53,09
697,10/09/2005,53,35,32,31,28,51
698,14/09/2005,22,08,27,43,55,12
699,19/09/2005,53,17,50,23,54,48
700,21/09/2005,02,03,24,40,31,14
701,24/09/2005,13,01,31,23,60,48
702,28/09/2005,01,56,18,58,45,57
703,01/10/2005,30,24,02,45,11,27
704,05/10/2005,02,27,50,34,18,04
705,08/10/2005,03,15,11,13,26,43
706,15/10/2005,22,10,17,07,02,60
707,19/10/2005,51,08,01,43,10,36
708,22/10/2005,45,13,39,47,09,07
709,26/10/2005,29,22,44,09,06,04
710,29/10/2005,46,25,05,49,39,34
711,05/11/2005,10,05,41,59,40,33
712,09/11/2005,35,07,53,58,08,43
713,12/11/2005,46,01,26,16,12,54
714,16/11/2005,17,53,39,08,07,35
715,19/11/2005,54,36,12,04,33,24
716,23/11/2005,29,02,07,50,16,32
717,26/11/2005,28,35,41,17,06,23
718,30/11/2005,07,35,21,39,58,33
719,03/12/2005,39,47,37,53,32,03
720,07/12/2005,12,56,44,51,31,54
721,10/12/2005,14,03,23,55,36,25
722,14/12/2005,60,36,57,18,44,09
723,17/12/2005,16,06,52,01,36,50
724,21/12/2005,34,51,55,17,48,27
725,31/12/2005,49,09,03,35,37,41
726,04/01/2006,40,47,01,05,07,37
727,07/01/2006,14,42,12,04,59,30
728,11/01/2006,44,42,13,08,24,32
729,14/01/2006,33,56,18,57,43,05
730,18/01/2006,45,15,02,54,16,50
731,21/01/2006,35,06,15,23,28,16
732,25/01/2006,49,19,53,50,17,06
733,28/01/2006,12,26,31,43,46,02
734,01/02/2006,44,45,27,29,43,54
735,04/02/2006,40,42,15,52,38,09
736,08/02/2006,01,21,38,41,56,49
737,11/02/2006,33,12,24,38,11,32
738,15/02/2006,15,30,14,42,26,54
739,18/02/2006,06,45,56,49,35,10
740,22/02/2006,29,47,12,50,16,28
741,25/02/2006,26,39,27,24,59,36
742,01/03/2006,34,17,07,41,02,50
743,04/03/2006,54,20,32,60,25,23
744,08/03/2006,26,46,12,23,39,04
745,11/03/2006,21,57,37,16,43,02
746,15/03/2006,49,12,10,57,25,01
747,18/03/2006,21,23,56,12,03,02
748,22/03/2006,01,07,19,51,35,02
749,25/03/2006,24,47,04,57,48,50
750,29/03/2006,58,17,54,10,42,33
751,01/04/2006,04,25,38,50,20,07
752,05/04/2006,25,04,29,42,24,23
753,08/04/2006,59,35,43,22,07,02
754,12/04/2006,04,42,34,50,03,13
755,15/04/2006,59,30,47,12,04,49
756,19/04/2006,37,50,41,05,38,27
757,22/04/2006,17,32,12,18,58,30
758,26/04/2006,47,59,01,23,36,43
759,29/04/2006,59,39,30,31,48,45
760,03/05/2006,12,17,60,44,46,45
761,06/05/2006,56,29,17,13,27,40
762,10/05/2006,39,09,21,12,37,54
763,13/05/2006,40,47,01,48,09,26
764,18/05/2006,07,03,55,47,53,45
765,21/05/2006,03,37,50,16,30,10
766,24/05/2006,01,50,19,42,24,58
767,27/05/2006,22,50,32,38,54,15
768,31/05/2006,33,37,59,30,04,08
769,03/06/2006,20,21,50,29,12,16
770,07/06/2006,04,34,25,35,48,12
771,10/06/2006,29,46,34,47,21,14
772,14/06/2006,38,51,52,60,10,35
773,17/06/2006,03,05,51,29,34,14
774,21/06/2006,37,05,54,58,46,10
775,24/06/2006,27,12,46,47,42,50
776,28/06/2006,57,35,60,41,03,15
777,01/07/2006,14,50,23,02,28,56
778,05/07/2006,45,20,36,37,31,51
779,08/07/2006,36,54,52,25,29,26
780,12/07/2006,10,50,28,51,59,07
781,15/07/2006,10,54,08,39,56,13
782,19/07/2006,11,23,59,42,35,02
783,22/07/2006,43,21,48,08,04,32
784,26/07/2006,42,56,08,37,27,53
785,29/07/2006,35,05,37,08,48,17
786,02/08/2006,27,31,26,11,10,41
787,05/08/2006,37,31,20,60,34,54
788,09/08/2006,31,57,17,19,29,44
789,12/08/2006,60,39,31,38,06,50
790,16/08/2006,22,02,19,28,43,06
791,19/08/2006,42,35,19,09,14,58
792,23/08/2006,43,56,09,45,29,34
793,26/08/2006,03,51,33,15,16,57
794,30/08/2006,56,47,55,38,42,03
795,02/09/2006,14,36,21,29,26,48
796,06/09/2006,19,24,43,34,39,05
797,09/09/2006,58,48,52,47,12,06
798,13/09/2006,32,09,04,52,29,03
799,16/09/2006,29,35,19,57,42,55
800,20/09/2006,01,07,56,11,37,38
801,23/09/2006,20,22,11,19,48,42
802,27/09/2006,14,24,60,06,18,48
803,30/09/2006,10,57,28,03,05,21
804,04/10/2006,13,59,37,56,03,47
805,07/10/2006,30,02,48,60,43,36
806,12/10/2006,60,41,47,26,35,18
807,14/10/2006,08,27,02,32,56,49
808,18/10/2006,15,21,31,46,02,57
809,21/10/2006,25,23,11,05,30,15
810,25/10/2006,04,33,01,48,05,37
811,28/10/2006,32,57,28,41,10,47
812,01/11/2006,57,39,54,11,38,13
813,04/11/2006,23,15,56,46,09,45
814,08/11/2006,11,02,46,50,08,41
815,11/11/2006,57,50,09,39,37,19
816,16/11/2006,21,47,40,52,30,20
817,18/11/2006,34,43,29,30,10,52
818,22/11/2006,44,41,22,08,09,25
819,25/11/2006,51,05,58,46,25,19
820,29/11/2006,17,45,32,21,10,46
821,02/12/2006,04,29,38,36,33,42
822,06/12/2006,04,17,41,10,27,52
823,09/12/2006,15,26,59,01,54,51
824,13/12/2006,33,48,06,07,20,09
825,16/12/2006,28,21,40,10,41,47
826,19/12/2006,45,06,08,07,53,27
827,21/12/2006,24,56,30,51,42,18
828,23/12/2006,23,50,53,42,28,38
829,31/12/2006,32,50,14,47,10,56
830,03/01/2007,53,51,02,41,13,49
831,06/01/2007,03,50,48,42,32,33
832,10/01/2007,17,49,15,33,39,23
833,13/01/2007,53,58,57,16,46,13
834,17/01/2007,44,10,17,16,51,34
835,20/01/2007,58,31,57,49,33,18
836,24/01/2007,28,22,38,17,52,59
837,27/01/2007,16,05,24,34,06,60
838,31/01/2007,09,30,47,38,23,44
839,03/02/2007,11,18,08,07,37,43
840,07/02/2007,43,29,35,59,31,17
841,10/02/2007,36,51,32,22,38,07
842,14/02/2007,51,44,60,09,07,30
843,17/02/2007,34,48,01,16,45,36
844,24/02/2007,54,24,44,57,34,16
845,28/02/2007,40,48,19,20,14,52
846,03/03/2007,47,54,02,50,03,44
847,07/03/2007,42,14,44,27,15,48
848,10/03/2007,56,34,17,32,47,27
849,14/03/2007,08,39,09,58,44,49
850,17/03/2007,60,22,59,25,44,07
851,21/03/2007,16,32,35,58,19,03
852,24/03/2007,14,38,06,23,44,34
853,28/03/2007,51,30,59,46,38,56
854,31/03/2007,17,03,24,27,44,25
855,04/04/2007,42,03,24,53,43,31
856,07/04/2007,11,40,41,47,15,42
857,11/04/2007,17,59,49,02,03,50
858,14/04/2007,31,37,54,23,04,18
859,18/04/2007,46,47,12,57,34,09
860,23/04/2007,22,08,17,42,44,02
861,25/04/2007,42,40,60,59,47,39
862,28/04/2007,19,35,12,02,11,08
863,02/05/2007,32,53,50,57,15,24
864,05/05/2007,31,11,33,42,57,08
865,09/05/2007,27,23,41,51,26,53
866,12/05/2007,36,48,27,40,05,46
867,16/05/2007,54,26,28,19,44,10
868,19/05/2007,57,51,21,22,25,40
869,23/05/2007,29,42,50,51,49,27
870,26/05/2007,52,08,43,34,40,21
871,30/05/2007,17,05,58,01,47,10
872,02/06/2007,18,55,58,43,31,05
873,06/06/2007,57,59,04,34,19,30
874,09/06/2007,59,20,52,42,44,10
875,13/06/2007,53,18,36,58,24,20
876,16/06/2007,04,12,41,45,60,08
877,20/06/2007,13,15,20,31,28,36
878,23/06/2007,37,12,43,38,11,54
879,27/06/2007,29,10,46,35,42,28
880,30/06/2007,51,30,49,25,37,46
881,04/07/2007,43,24,04,51,18,56
882,07/07/2007,42,45,44,60,41,17
883,11/07/2007,21,37,60,32,52,53
884,14/07/2007,22,11,02,14,39,12
885,18/07/2007,13,04,31,33,47,51
886,21/07/2007,50,55,37,33,59,17
887,25/07/2007,44,12,32,21,01,34
888,28/07/2007,50,24,40,54,52,60
889,01/08/2007,34,54,20,39,60,24
890,04/08/2007,09,21,22,07,17,54
891,08/08/2007,15,22,19,35,34,16
892,11/08/2007,01,49,52,42,19,44
893,15/08/2007,56,53,51,26,18,03
894,18/08/2007,37,24,44,28,20,41
895,22/08/2007,02,55,41,43,57,58
896,25/08/2007,31,11,41,35,22,05
897,29/08/2007,21,57,46,22,07,43
898,01/09/2007,04,08,03,54,45,30
899,05/09/2007,58,18,54,36,53,20
900,08/09/2007,04,21,59,18,38,34
901,12/09/2007,32,34,16,13,56,33
902,15/09/2007,52,55,23,50,58,18
903,19/09/2007,17,05,32,55,20,41
904,22/09/2007,32,44,59,53,48,51
905,26/09/2007,04,15,57,55,02,16
906,29/09/2007,35,39,29,24,07,14
907,03/10/2007,09,41,53,37,36,51
908,06/10/2007,19,01,09,25,50,52
909,10/10/2007,42,17,26,38,28,22
910,13/10/2007,53,29,36,03,15,27
911,17/10/2007,49,46,01,29,06,28
912,20/10/2007,26,21,54,04,19,29
913,24/10/2007,30,14,59,36,46,38
914,27/10/2007,33,51,09,23,45,12
915,31/10/2007,20,28,49,26,17,48
916,03/11/2007,33,37,05,38,28,36
917,07/11/2007,23,59,25,47,46,30
918,10/11/2007,38,44,08,04,12,52
919,14/11/2007,43,25,41,60,31,03
920,17/11/2007,17,57,55,24,52,05
921,21/11/2007,35,41,01,57,09,48
922,24/11/2007,41,49,45,19,13,12
923,28/11/2007,53,39,02,50,57,15
924,01/12/2007,51,27,60,21,20,02
925,05/12/2007,52,37,46,08,22,36
926,08/12/2007,40,41,34,33,21,59
927,12/12/2007,36,26,31,23,19,33
928,15/12/2007,32,10,49,60,04,33
929,19/12/2007,16,49,35,39,57,27
930,22/12/2007,46,20,55,37,28,49
931,31/12/2007,17,34,07,36,39,19
932,05/01/2008,02,21,42,53,36,17
933,09/01/2008,25,39,45,51,08,14
934,12/01/2008,25,48,44,03,21,01
935,16/01/2008,07,45,18,13,29,31
936,19/01/2008,05,33,14,29,44,22
937,23/01/2008,22,41,02,30,21,52
938,26/01/2008,35,15,27,57,50,59
939,30/01/2008,06,23,19,50,37,49
940,02/02/2008,25,33,51,31,05,37
941,06/02/2008,11,15,10,27,60,53
942,09/02/2008,05,52,18,08,59,42
943,13/02/2008,47,41,58,03,23,12
944,16/02/2008,16,58,43,37,52,59
945,20/02/2008,44,08,59,54,04,27
946,23/02/2008,59,01,47,05,52,12
947,27/02/2008,33,11,03,58,14,05
948,01/03/2008,22,44,41,46,52,54
949,05/03/2008,44,01,51,52,41,23
950,08/03/2008,48,59,49,41,42,23
951,12/03/2008,49,24,39,34,55,14
952,15/03/2008,54,11,27,18,02,30
953,19/03/2008,55,48,01,39,16,42
954,22/03/2008,08,05,24,18,57,33
955,26/03/2008,35,05,32,21,33,12
956,29/03/2008,46,51,47,59,54,57
957,02/04/2008,50,32,25,34,57,24
958,05/04/2008,13,22,07,33,51,48
959,09/04/2008,57,03,05,11,33,39
960,12/04/2008,34,06,33,18,53,19
961,16/04/2008,16,53,02,04,21,36
962,19/04/2008,02,48,49,40,55,11
963,23/04/2008,37,17,15,50,48,59
964,26/04/2008,42,13,33,20,08,26
965,30/04/2008,36,39,57,58,05,30
966,03/05/2008,01,58,26,28,04,41
967,07/05/2008,18,14,57,30,13,05
968,10/05/2008,30,04,13,60,51,01
969,14/05/2008,56,35,50,13,41,25
970,17/05/2008,57,34,05,54,28,21
971,21/05/2008,04,14,33,44,11,45
972,24/05/2008,33,18,15,56,31,34
973,28/05/2008,53,36,08,30,01,47
974,31/05/2008,45,20,38,31,16,12
975,04/06/2008,33,09,37,40,41,30
976,07/06/2008,28,53,38,23,14,25
977,11/06/2008,17,03,09,32,07,05
978,14/06/2008,42,58,12,18,16,27
979,18/06/2008,28,03,39,51,31,15
980,21/06/2008,35,17,59,15,36,29
981,25/06/2008,08,41,53,01,58,34
982,28/06/2008,12,24,08,40,43,49
983,02/07/2008,38,45,40,16,32,22
984,05/07/2008,46,20,04,43,47,10
985,09/07/2008,04,56,18,59,46,16
986,12/07/2008,32,06,31,24,15,19
987,16/07/2008,47,27,13,31,34,58
988,19/07/2008,48,17,46,56,60,08
989,23/07/2008,38,21,27,02,29,32
990,26/07/2008,29,18,02,15,10,39
991,30/07/2008,08,38,60,41,15,09
992,02/08/2008,06,08,04,01,25,28
993,06/08/2008,26,25,42,60,05,24
994,09/08/2008,44,40,58,29,03,20
995,13/08/2008,04,54,55,36,16,31
996,16/08/2008,21,23,20,07,29,15
997,20/08/2008,18,53,55,32,09,17
998,23/08/2008,28,21,04,32,03,22
999,27/08/2008,44,36,55,58,18,24
1000,30/08/2008,49,58,53,39,38,29
1001,03/09/2008,15,37,27,12,60,51
1002,06/09/2008,03,31,07,25,40,58
1003,10/09/2008,10,27,23,05,16,26
1004,13/09/2008,45,47,29,40,44,43
1005,17/09/2008,06,41,04,37,12,42
1006,20/09/2008,48,17,04,33,55,02
1007,24/09/2008,49,27,04,36,52,37
1008,27/09/2008,07,15,42,48,34,13
1009,01/10/2008,34,12,01,06,58,29
1010,04/10/2008,02,46,03,37,13,54
1011,08/10/2008,30,02,52,21,11,35
1012,11/10/2008,47,19,58,14,40,55
1013,15/10/2008,07,09,20,41,12,19
1014,18/10/2008,60,57,09,25,08,41
1015,22/10/2008,49,08,28,03,26,17
1016,25/10/2008,11,09,25,05,60,20
1017,29/10/2008,31,51,19,06,56,34
1018,01/11/2008,55,51,58,09,44,24
1019,05/11/2008,29,47,04,13,46,23
1020,08/11/2008,19,32,52,01,02,39
1021,12/11/2008,42,55,51,43,02,33
1022,16/11/2008,31,21,40,39,56,05
1023,19/11/2008,45,40,02,07,18,08
1024,22/11/2008,28,53,18,39,22,29
1025,26/11/2008,52,40,29,27,28,10
1026,29/11/2008,10,33,51,53,06,17
1027,03/12/2008,20,18,47,44,60,33
1028,06/12/2008,54,26,34,51,20,52
1029,10/12/2008,17,05,16,24,20,32
1030,13/12/2008,57,08,54,01,23,37
1031,17/12/2008,49,33,24,40,46,43
1032,20/12/2008,57,43,15,29,26,16
1033,24/12/2008,39,06,05,33,54,17
1034,27/12/2008,20,42,01,03,49,18
1035,31/12/2008,51,60,01,11,59,26
1036,03/01/2009,27,39,36,10,41,52
1037,07/01/2009,56,36,04,44,46,53
1038,10/01/2009,51,07,06,28,35,43
1039,14/01/2009,52,02,20,27,36,24
1040,17/01/2009,44,01,28,55,06,39
1041,21/01/2009,12,10,36,54,44,57
1042,24/01/2009,25,46,51,18,13,30
1043,28/01/2009,25,14,51,48,60,21
1044,31/01/2009,58,10,39,11,13,35
1045,04/02/2009,31,06,05,17,50,01
1046,07/02/2009,57,40,28,42,54,55
1047,11/02/2009,01,02,10,48,14,08
1048,14/02/2009,57,03,38,21,28,16
1049,18/02/2009,34,17,52,05,02,29
1050,21/02/2009,60,14,45,24,33,26
1051,25/02/2009,57,11,07,43,10,13
1052,28/02/2009,08,11,16,15,57,52
1053,04/03/2009,15,42,27,53,34,49
1054,07/03/2009,41,27,13,60,14,18
1055,11/03/2009,27,32,15,12,20,16
1056,14/03/2009,38,08,50,53,59,06
1057,18/03/2009,15,49,59,04,03,02
1058,21/03/2009,20,51,57,45,24,18
1059,25/03/2009,37,01,14,45,12,16
1060,28/03/2009,01,41,03,18,16,42
1061,01/04/2009,09,41,56,23,21,30
1062,04/04/2009,55,08,02,37,23,33
1063,08/04/2009,49,01,22,47,44,50
1064,11/04/2009,28,04,19,16,49,29
1065,15/04/2009,07,57,19,43,39,30
1066,18/04/2009,10,43,49,32,25,06
1067,22/04/2009,14,10,56,25,04,28
1068,25/04/2009,44,48,25,57,27,47
1069,29/04/2009,28,17,49,53,45,09
1070,02/05/2009,41,53,08,23,05,16
1071,06/05/2009,05,37,43,07,53,54
1072,09/05/2009,19,18,54,47,43,09
1073,13/05/2009,44,36,32,08,34,25
1074,16/05/2009,03,47,10,50,29,23
1075,20/05/2009,53,39,16,21,10,12
1076,23/05/2009,32,33,10,19,42,04
1077,27/05/2009,11,06,18,05,37,09
1078,30/05/2009,03,06,45,34,41,43
1079,03/06/2009,36,12,37,24,05,28
1080,06/06/2009,56,11,20,41,34,18
1081,10/06/2009,09,56,29,52,16,24
1082,13/06/2009,04,40,50,17,55,38
1083,17/06/2009,20,28,42,23,10,43
1084,20/06/2009,20,05,29,59,40,33
1085,24/06/2009,39,50,21,12,40,55
1086,27/06/2009,45,04,06,23,10,02
1087,01/07/2009,36,46,28,32,03,20
1088,04/07/2009,24,42,35,31,06,57
1089,08/07/2009,37,48,32,02,18,20
1090,11/07/2009,24,09,40,20,36,42
1091,15/07/2009,27,56,17,24,49,23
1092,18/07/2009,40,30,01,09,33,34
1093,22/07/2009,27,49,38,23,41,19
1094,25/07/2009,10,09,48,36,41,21
1095,29/07/2009,27,23,36,10,21,16
1096,01/08/2009,03,41,52,14,13,16
1097,05/08/2009,21,48,33,01,56,17
1098,08/08/2009,30,20,21,11,50,52
1099,12/08/2009,55,44,38,35,14,31
1100,15/08/2009,41,33,17,18,07,42
1101,19/08/2009,07,12,57,06,24,10
1102,22/08/2009,46,23,09,35,11,51
1103,26/08/2009,41,19,10,28,55,56
1104,29/08/2009,03,35,58,49,02,06
1105,02/09/2009,43,01,50,28,57,15
1106,05/09/2009,04,15,50,60,43,47
1107,09/09/2009,36,20,54,09,03,53
1108,12/09/2009,60,44,07,39,43,09
1109,16/09/2009,11,52,14,06,29,08
1110,19/09/2009,26,45,06,28,42,14
1111,23/09/2009,04,43,25,09,33,32
1112,26/09/2009,04,34,52,32,58,43
1113,30/09/2009,47,36,29,59,03,06
1114,03/10/2009,16,03,22,54,25,15
1115,07/10/2009,44,41,18,50,37,30
1116,10/10/2009,17,20,04,47,09,13
1117,14/10/2009,27,35,40,01,06,17
1118,17/10/2009,55,44,08,20,43,21
1119,21/10/2009,44,54,41,45,34,10
1120,24/10/2009,50,55,07,35,44,40
1121,28/10/2009,18,04,59,54,56,17
1122,31/10/2009,49,44,56,26,46,55
1123,04/11/2009,19,04,39,14,45,60
1124,07/11/2009,49,11,07,18,16,33
1125,11/11/2009,07,42,56,29,33,03
1126,14/11/2009,59,31,57,04,52,42
1127,18/11/2009,24,08,14,05,29,30
1128,21/11/2009,60,08,39,52,24,16
1129,25/11/2009,47,19,17,12,32,55
1130,28/11/2009,23,49,32,54,18,05
1131,02/12/2009,49,34,36,01,16,08
1132,05/12/2009,52,30,27,12,55,33
1133,09/12/2009,16,05,58,39,10,21
1134,12/12/2009,29,36,56,22,09,51
1135,16/12/2009,05,04,19,39,06,23
1136,19/12/2009,07,31,32,37,43,34
1137,22/12/2009,21,28,19,25,50,43
1138,24/12/2009,04,25,18,15,36,02
1139,26/12/2009,36,42,37,09,28,31
1140,31/12/2009,49,58,40,46,10,27
1141,02/01/2010,40,09,37,58,50,60
1142,06/01/2010,28,31,15,58,03,26
1143,09/01/2010,35,47,60,44,30,03
1144,13/01/2010,19,10,49,18,01,44
1145,16/01/2010,19,03,60,33,24,16
1146,20/01/2010,10,34,53,33,28,06
1147,23/01/2010,23,39,52,31,06,33
1148,27/01/2010,48,32,29,55,27,28
1149,30/01/2010,46,54,08,36,07,23
1150,03/02/2010,28,17,35,52,31,15
1151,06/02/2010,01,25,04,14,21,51
1152,10/02/2010,47,36,44,29,20,14
1153,13/02/2010,55,46,34,17,19,06
1154,17/02/2010,04,14,21,26,12,28
1155,20/02/2010,28,58,41,40,51,20
1156,24/02/2010,31,49,44,24,09,48
1157,27/02/2010,46,09,43,41,49,29
1158,03/03/2010,23,31,60,55,30,54
1159,06/03/2010,53,46,05,06,34,55
1160,10/03/2010,40,05,03,48,01,18
1161,13/03/2010,48,47,07,04,42,51
1162,17/03/2010,31,25,18,41,22,30
1163,20/03/2010,05,51,31,53,47,17
1164,24/03/2010,17,06,14,40,49,26
1165,27/03/2010,20,52,60,42,54,40
1166,31/03/2010,35,28,54,30,22,31
1167,03/04/2010,43,28,56,20,52,51
1168,07/04/2010,47,20,04,56,53,05
1169,10/04/2010,14,01,11,23,42,48
1170,14/04/2010,46,11,27,34,49,13
1171,17/04/2010,41,03,10,30,57,13
1172,20/04/2010,28,52,06,43,12,56
1173,24/04/2010,07,25,24,36,05,47
1174,28/04/2010,07,52,06,51,47,39
1175,30/04/2010,02,03,12,37,47,16
1176,05/05/2010,21,11,49,14,33,30
1177,08/05/2010,33,52,55,47,38,50
1178,12/05/2010,01,53,22,50,45,30
1179,15/05/2010,59,28,47,60,22,05
1180,19/05/2010,60,12,34,30,44,57
1181,22/05/2010,44,18,45,31,26,20
1182,26/05/2010,52,29,56,60,02,04
1183,29/05/2010,12,05,10,20,29,37
1184,02/06/2010,04,23,27,28,09,30
1185,05/06/2010,54,10,02,43,21,35
1186,09/06/2010,41,12,15,07,13,08
1187,12/06/2010,08,49,43,17,40,19
1188,16/06/2010,60,52,59,09,44,20
1189,19/06/2010,50,21,14,35,31,27
1190,23/06/2010,11,53,56,37,10,19
1191,26/06/2010,25,22,11,16,33,03
1192,30/06/2010,49,17,20,59,57,52
1193,03/07/2010,12,54,02,32,14,09
1194,07/07/2010,24,53,41,06,13,50
1195,10/07/2010,27,17,57,26,55,20
1196,14/07/2010,60,03,20,19,58,06
1197,17/07/2010,39,54,36,37,60,49
1198,21/07/2010,29,22,36,58,41,48
1199,24/07/2010,58,28,23,39,16,19
1200,28/07/2010,10,03,39,54,56,11
1201,31/07/2010,36,32,55,49,60,28
1202,04/08/2010,09,60,11,53,48,08
1203,07/08/2010,55,30,33,09,07,38
1204,11/08/2010,10,25,05,39,52,43
1205,14/08/2010,14,04,26,35,29,13
1206,18/08/2010,02,11,37,36,48,06
1207,21/08/2010,32,35,22,09,56,11
1208,25/08/2010,45,12,01,26,54,20
1209,28/08/2010,30,17,38,14,05,35
1210,01/09/2010,03,07,09,10,31,34
1211,04/09/2010,36,54,03,31,15,48
1212,08/09/2010,35,50,02,23,33,40
1213,11/09/2010,03,53,45,11,34,26
1214,15/09/2010,05,41,29,36,30,48
1215,18/09/2010,47,51,10,50,30,25
1216,22/09/2010,07,25,04,58,13,27
1217,25/09/2010,05,43,28,15,11,50
1218,29/09/2010,33,23,29,46,10,31
1219,02/10/2010,34,37,41,53,02,33
1220,06/10/2010,48,55,52,43,05,15
1221,09/10/2010,46,05,58,37,14,43
1222,13/10/2010,26,19,48,57,05,08
1223,16/10/2010,17,15,48,42,35,47
1224,20/10/2010,41,19,57,53,21,27
1225,23/10/2010,32,55,34,31,50,40
1226,27/10/2010,31,55,56,50,40,10
1227,30/10/2010,35,31,04,30,54,28
1228,03/11/2010,36,10,60,52,50,23
1229,06/11/2010,12,49,60,32,30,40
1230,10/11/2010,37,35,12,22,19,09
1231,13/11/2010,20,27,49,05,23,39
1232,17/11/2010,12,18,15,08,11,22
1233,20/11/2010,49,22,59,29,32,54
1234,24/11/2010,03,05,24,19,30,35
1235,27/11/2010,16,49,55,20,10,26
1236,01/12/2010,17,20,38,08,53,03
1237,04/12/2010,26,21,39,05,18,59
1238,08/12/2010,40,45,24,14,13,39
1239,11/12/2010,15,01,48,37,39,52
1240,15/12/2010,22,42,49,08,12,09
1241,18/12/2010,13,26,25,10,28,45
1242,20/12/2010,54,45,51,11,34,48
1243,22/12/2010,32,19,23,57,09,29
1244,24/12/2010,45,08,34,15,02,25
1245,31/12/2010,34,10,37,50,43,02
1246,05/01/2011,59,10,37,57,40,43
1247,08/01/2011,09,11,24,03,51,36
1248,12/01/2011,20,33,58,34,57,60
1249,15/01/2011,03,40,08,53,51,36
1250,19/01/2011,59,01,02,40,51,24
1251,22/01/2011,48,27,34,52,46,05
1252,26/01/2011,35,02,51,14,49,39
1253,29/01/2011,02,51,17,44,43,23
1254,02/02/2011,09,29,18,07,14,39
1255,05/02/2011,23,05,54,39,38,51
1256,09/02/2011,26,38,33,35,53,43
1257,12/02/2011,27,15,30,52,26,02
1258,16/02/2011,47,26,11,57,59,55
1259,19/02/2011,39,54,58,46,04,06
1260,23/02/2011,19,23,31,53,29,41
1261,26/02/2011,10,41,14,22,53,42
1262,02/03/2011,11,39,09,05,08,07
1263,05/03/2011,41,53,18,04,36,26
1264,09/03/2011,56,17,37,51,04,36
1265,12/03/2011,13,50,46,24,60,19
1266,16/03/2011,39,06,42,10,60,33
1267,19/03/2011,47,58,04,41,20,30
1268,23/03/2011,17,53,60,44,16,03
1269,26/03/2011,51,05,27,04,15,17
1270,30/03/2011,31,33,24,05,42,09
1271,02/04/2011,02,52,39,59,48,01
1272,06/04/2011,28,27,13,35,26,52
1273,09/04/2011,60,26,19,58,13,40
1274,13/04/2011,13,59,21,17,40,39
1275,16/04/2011,58,55,14,02,60,48
1276,20/04/2011,09,40,05,22,36,11
1277,23/04/2011,50,59,18,31,60,12
1278,27/04/2011,04,16,24,56,25,30
1279,30/04/2011,08,29,36,35,14,40
1280,04/05/2011,29,06,54,10,20,16
1281,07/05/2011,36,14,30,38,11,08
1282,11/05/2011,04,39,56,23,52,55
1283,14/05/2011,59,08,60,44,40,30
1284,18/05/2011,26,21,20,36,31,29
1285,21/05/2011,33,10,15,38,31,28
1286,25/05/2011,05,52,02,33,51,28
1287,28/05/2011,33,42,12,31,11,52
1288,01/06/2011,42,32,56,40,30,17
1289,04/06/2011,13,08,27,01,03,52
1290,08/06/2011,14,50,03,23,02,34
1291,11/06/2011,18,57,58,40,47,54
1292,15/06/2011,30,31,23,09,54,11
1293,18/06/2011,24,50,01,44,13,40
1294,22/06/2011,06,50,04,48,29,51
1295,25/06/2011,20,02,43,15,05,57
1296,29/06/2011,49,43,14,10,53,46
1297,02/07/2011,02,56,11,05,59,13
1298,06/07/2011,60,14,53,30,15,55
1299,09/07/2011,56,32,08,22,43,53
1300,13/07/2011,46,43,59,54,44,53
1301,16/07/2011,16,25,03,51,23,56
1302,20/07/2011,44,15,56,02,10,57
1303,23/07/2011,19,51,54,08,52,46
1304,27/07/2011,35,23,15,07,20,14
1305,30/07/2011,44,11,05,46,36,03
1306,03/08/2011,45,06,19,34,43,22
1307,06/08/2011,10,47,54,07,43,32
1308,09/08/2011,24,33,07,30,47,08
1309,11/08/2011,07,12,25,26,32,39
1310,13/08/2011,14,08,53,09,59,32
1311,17/08/2011,54,07,19,12,45,09
1312,20/08/2011,28,30,29,22,20,05
1313,24/08/2011,39,26,49,01,04,43
1314,27/08/2011,42,44,52,58,60,38
1315,31/08/2011,27,29,01,50,52,38
1316,03/09/2011,48,34,25,42,13,08
1317,08/09/2011,35,29,37,13,06,30
1318,10/09/2011,34,46,14,28,11,16
1319,14/09/2011,16,04,18,27,05,51
1320,17/09/2011,38,17,55,41,24,25
1321,21/09/2011,51,59,47,10,60,53
1322,24/09/2011,55,43,21,10,47,53
1323,28/09/2011,25,37,15,06,48,55
1324,01/10/2011,29,44,51,31,18,57
1325,05/10/2011,35,02,20,43,05,16
1326,08/10/2011,30,19,10,18,50,11
1327,13/10/2011,41,35,36,16,52,54
1328,15/10/2011,43,27,59,53,23,10
1329,19/10/2011,43,50,08,07,39,11
1330,22/10/2011,48,08,21,18,49,30
1331,26/10/2011,24,46,39,57,26,09
1332,29/10/2011,05,13,03,24,35,59
1333,03/11/2011,25,51,26,42,28,33
1334,05/11/2011,08,25,27,06,10,01
1335,09/11/2011,49,03,51,20,22,14
1336,12/11/2011,51,54,32,01,38,47
1337,16/11/2011,38,02,45,35,20,51
1338,19/11/2011,19,33,18,43,60,01
1339,23/11/2011,59,10,16,14,07,54
1340,26/11/2011,36,21,13,59,60,30
1341,30/11/2011,11,40,37,20,01,52
1342,03/12/2011,05,60,46,42,50,07
1343,07/12/2011,51,31,42,20,56,19
1344,10/12/2011,19,42,08,36,21,59
1345,14/12/2011,50,40,26,07,19,17
1346,17/12/2011,59,47,32,48,40,12
1347,20/12/2011,19,45,54,56,46,09
1348,22/12/2011,38,45,39,07,12,56
1349,24/12/2011,09,19,20,50,60,51
1350,31/12/2011,04,36,29,55,45,03
1351,04/01/2012,13,50,41,36,56,33
1352,07/01/2012,35,59,36,09,18,24
1353,11/01/2012,47,11,03,27,32,13
1354,14/01/2012,02,42,08,49,48,38
1355,18/01/2012,39,49,11,24,17,46
1356,21/01/2012,21,46,06,22,13,31
1357,25/01/2012,55,52,26,19,01,24
1358,28/01/2012,16,15,37,03,35,47
1359,01/02/2012,12,17,28,53,06,10
1360,04/02/2012,50,25,17,16,54,02
1361,08/02/2012,37,27,44,30,38,23
1362,11/02/2012,58,19,12,22,02,36
1363,15/02/2012,52,25,42,45,35,57
1364,18/02/2012,20,13,40,10,53,44
1365,22/02/2012,50,35,32,26,02,24
1366,25/02/2012,59,44,54,37,27,12
1367,01/03/2012,38,29,43,13,07,02
1368,03/03/2012,10,26,29,38,32,21
1369,07/03/2012,32,24,16,38,05,46
1370,10/03/2012,02,27,59,49,04,05
1371,14/03/2012,47,11,08,49,03,04
1372,17/03/2012,46,60,58,36,40,03
1373,21/03/2012,52,39,07,27,55,57
1374,24/03/2012,21,33,28,31,43,06
1375,28/03/2012,25,28,53,45,14,58
1376,31/03/2012,53,49,21,11,54,09
1377,04/04/2012,25,05,13,12,35,02
1378,07/04/2012,18,17,59,02,54,05
1379,11/04/2012,45,05,36,12,50,58
1380,14/04/2012,52,14,03,60,57,55
1381,18/04/2012,44,30,27,11,40,57
1382,20/04/2012,17,27,55,13,05,16
1383,25/04/2012,09,55,23,44,07,46
1384,28/04/2012,56,18,31,02,30,45
1385,02/05/2012,42,37,35,27,59,36
1386,05/05/2012,39,56,28,12,51,38
1387,09/05/2012,43,27,18,52,50,32
1388,12/05/2012,54,31,50,43,29,22
1389,16/05/2012,01,44,39,16,57,28
1390,19/05/2012,29,27,19,04,28,31
1391,23/05/2012,19,07,12,34,53,40
1392,26/05/2012,43,08,02,28,33,12
1393,30/05/2012,44,28,18,24,04,39
1394,02/06/2012,11,35,16,46,24,50
1395,06/06/2012,05,44,11,19,17,48
1396,09/06/2012,52,48,54,58,55,29
1397,13/06/2012,15,56,03,27,04,07
1398,16/06/2012,42,51,14,40,32,33
1399,20/06/2012,39,43,60,57,34,56
1400,23/06/2012,34,26,09,43,54,53
1401,27/06/2012,12,11,54,33,48,25
1402,30/06/2012,38,10,27,02,21,09
1403,04/07/2012,16,39,13,26,42,20
1404,07/07/2012,07,32,31,51,27,08
1405,11/07/2012,14,17,32,37,39,03
1406,14/07/2012,07,10,38,17,24,57
1407,18/07/2012,53,42,31,43,29,18
1408,21/07/2012,43,39,20,19,24,04
1409,25/07/2012,50,06,47,58,26,19
1410,28/07/2012,54,29,18,42,40,50
1411,01/08/2012,32,44,12,08,48,46
1412,04/08/2012,06,08,37,24,45,41
1413,07/08/2012,54,33,13,55,45,15
1414,09/08/2012,44,49,57,37,21,46
1415,11/08/2012,51,49,46,40,36,26
1416,15/08/2012,49,03,19,35,22,24
1417,18/08/2012,12,56,05,52,45,59
1418,22/08/2012,07,08,10,27,12,56
1419,25/08/2012,52,21,48,58,30,17
1420,29/08/2012,45,16,18,11,36,02
1421,01/09/2012,31,39,59,19,53,44
1422,05/09/2012,17,44,02,05,13,39
1423,08/09/2012,43,08,21,27,03,25
1424,12/09/2012,60,38,29,03,07,15
1425,15/09/2012,07,29,50,16,38,36
1426,19/09/2012,24,44,06,15,18,30
1427,22/09/2012,47,44,53,56,08,39
1428,26/09/2012,15,55,37,34,19,07
1429,29/09/2012,09,22,60,48,12,39
1430,03/10/2012,19,02,30,46,22,52
1431,06/10/2012,33,54,40,05,09,13
1432,10/10/2012,16,24,25,45,59,42
1433,13/10/2012,14,46,40,13,04,52
1434,17/10/2012,03,34,58,22,18,55
1435,20/10/2012,45,47,50,52,15,04
1436,24/10/2012,01,23,13,30,24,57
1437,27/10/2012,48,37,26,22,38,23
1438,31/10/2012,49,07,33,31,36,14
1439,03/11/2012,35,55,02,43,34,42
1440,07/11/2012,06,28,56,02,36,51
1441,10/11/2012,56,29,53,36,38,17
1442,14/11/2012,12,20,13,49,34,30
1443,17/11/2012,52,32,12,54,20,48
1444,21/11/2012,02,05,55,28,27,48
1445,24/11/2012,41,32,19,58,05,49
1446,28/11/2012,13,32,06,51,40,24
1447,01/12/2012,01,41,28,33,39,19
1448,05/12/2012,25,29,36,01,56,60
1449,08/12/2012,02,18,30,56,52,06
1450,12/12/2012,27,45,44,26,38,31
1451,15/12/2012,57,10,33,02,11,52
1452,18/12/2012,50,57,58,28,02,14
1453,20/12/2012,47,32,25,57,06,13
1454,22/12/2012,27,52,41,29,04,48
1455,31/12/2012,33,14,52,36,32,41
1456,02/01/2013,36,06,40,14,08,26
1457,05/01/2013,34,16,46,15,42,59
1458,09/01/2013,02,16,04,44,33,51
1459,12/01/2013,02,06,35,30,52,34
1460,16/01/2013,50,52,14,04,27,38
1461,19/01/2013,44,31,49,54,36,47
1462,23/01/2013,05,09,25,40,38,27
1463,26/01/2013,40,22,13,29,48,28
1464,30/01/2013,59,02,54,32,24,50
1465,02/02/2013,11,06,53,44,16,26
1466,06/02/2013,04,13,51,37,06,34
1467,09/02/2013,41,53,26,23,52,24
1468,13/02/2013,02,20,37,19,01,10
1469,16/02/2013,04,56,54,13,35,58
1470,20/02/2013,02,34,51,36,38,55
1471,23/02/2013,58,33,36,40,25,10
1472,27/02/2013,12,23,25,18,45,50
1473,02/03/2013,60,12,57,58,33,02
1474,06/03/2013,02,43,11,01,03,28
1475,09/03/2013,13,12,51,37,48,44
1476,13/03/2013,26,10,04,37,47,57
1477,16/03/2013,50,59,56,46,03,04
1478,20/03/2013,10,40,27,47,55,37
1479,23/03/2013,57,21,54,48,50,60
1480,27/03/2013,09,14,26,36,52,21
1481,30/03/2013,40,27,55,17,28,44
1482,03/04/2013,11,09,06,34,41,53
1483,06/04/2013,55,53,01,35,56,39
1484,10/04/2013,49,29,17,53,20,24
1485,13/04/2013,30,59,27,36,04,54
1486,17/04/2013,10,01,34,54,06,40
1487,20/04/2013,04,17,23,28,09,53
1488,24/04/2013,04,51,45,22,38,25
1489,27/04/2013,48,15,24,28,01,26
1490,02/05/2013,31,32,43,03,52,01
1491,04/05/2013,56,06,45,60,26,50
1492,08/05/2013,48,44,46,04,18,09
1493,11/05/2013,30,24,12,49,07,27
1494,15/05/2013,50,28,35,24,02,14
1495,18/05/2013,13,49,04,44,14,57
1496,22/05/2013,28,18,41,54,14,47
1497,25/05/2013,58,07,27,45,04,05
1498,29/05/2013,11,46,27,49,06,40
1499,01/06/2013,26,37,08,22,54,33
1500,05/06/2013,57,43,18,59,10,31
1501,08/06/2013,13,37,54,07,29,01
1502,12/06/2013,06,43,22,52,57,51
1503,15/06/2013,36,22,42,03,16,04
1504,19/06/2013,41,02,42,30,12,10
1505,22/06/2013,32,01,06,09,16,02
1506,26/06/2013,49,34,42,18,03,14
1507,29/06/2013,46,24,51,50,56,52
1508,03/07/2013,58,39,18,17,35,30
1509,06/07/2013,27,51,01,46,59,06
1510,10/07/2013,01,08,44,17,46,53
1511,13/07/2013,08,29,31,04,17,45
1512,17/07/2013,35,11,28,46,42,58
1513,20/07/2013,31,57,17,56,28,58
1514,24/07/2013,23,16,17,59,42,60
1515,27/07/2013,59,49,13,18,04,14
1516,31/07/2013,34,60,18,45,04,20
1517,03/08/2013,45,38,52,17,07,56
1518,06/08/2013,28,08,55,41,48,09
1519,08/08/2013,06,23,56,15,05,59
1520,10/08/2013,36,46,48,31,07,35
1521,14/08/2013,18,30,14,11,33,39
1522,17/08/2013,33,05,23,32,08,56
1523,21/08/2013,25,39,44,41,31,22
1524,24/08/2013,40,53,12,46,02,52
1525,28/08/2013,30,46,35,54,26,02
1526,31/08/2013,51,47,28,10,59,16
1527,04/09/2013,32,44,42,48,16,36
1528,06/09/2013,04,13,58,36,19,15
1529,11/09/2013,35,17,15,34,49,11
1530,14/09/2013,53,10,28,16,48,33
1531,18/09/2013,24,41,12,42,44,13
1532,21/09/2013,42,02,11,23,31,44
1533,25/09/2013,29,21,47,57,13,34
1534,28/09/2013,28,12,34,29,01,48
1535,02/10/2013,55,25,09,08,54,41
1536,05/10/2013,18,32,29,13,50,58
1537,09/10/2013,06,56,33,50,51,10
1538,11/10/2013,35,52,27,53,57,23
1539,16/10/2013,10,49,08,58,20,26
1540,19/10/2013,54,47,27,17,03,32
1541,23/10/2013,37,05,24,44,49,58
1542,26/10/2013,07,12,57,11,30,39
1543,30/10/2013,30,07,23,20,15,41
1544,01/11/2013,30,50,45,02,35,21
1545,06/11/2013,06,48,11,45,04,24
1546,09/11/2013,38,44,17,60,04,53
1547,13/11/2013,28,21,09,10,02,18
1548,16/11/2013,44,41,42,54,47,19
1549,20/11/2013,32,53,16,20,12,10
1550,23/11/2013,21,56,36,09,13,27
1551,27/11/2013,02,23,38,15,21,19
1552,30/11/2013,07,18,26,46,39,24
1553,04/12/2013,29,21,20,46,22,60
1554,07/12/2013,30,52,50,49,53,32
1555,11/12/2013,05,52,59,02,33,23
1556,14/12/2013,07,52,11,10,01,04
1557,17/12/2013,46,18,16,45,31,04
1558,19/12/2013,31,42,15,07,17,54
1559,21/12/2013,37,58,12,29,08,16
1560,31/12/2013,30,47,53,38,20,36
1561,02/01/2014,28,26,54,55,23,60
1562,04/01/2014,12,10,51,37,23,47
1563,09/01/2014,43,36,01,20,13,06
1564,11/01/2014,54,44,38,25,46,53
1565,15/01/2014,43,41,37,51,18,39
1566,18/01/2014,11,32,60,05,06,36
1567,22/01/2014,53,38,30,02,15,48
1568,25/01/2014,28,58,19,24,42,25
1569,29/01/2014,42,15,18,31,05,53
1570,01/02/2014,18,46,42,15,56,24
1571,05/02/2014,46,60,55,32,03,29
1572,08/02/2014,46,42,27,45,20,47
1573,12/02/2014,07,16,36,35,38,21
1574,15/02/2014,06,28,33,48,46,27
1575,19/02/2014,01,05,04,45,14,56
1576,22/02/2014,26,30,21,15,13,46
1577,26/02/2014,25,32,11,59,51,14
1578,01/03/2014,06,53,56,30,37,03
1579,05/03/2014,34,25,40,51,60,49
1580,08/03/2014,01,06,14,17,33,36
1581,12/03/2014,31,34,15,14,25,30
1582,15/03/2014,04,17,01,48,13,38
1583,19/03/2014,18,02,09,47,17,45
1584,22/03/2014,27,54,28,50,22,03
1585,26/03/2014,55,47,43,48,49,02
1586,29/03/2014,47,58,08,43,39,46
1587,02/04/2014,08,21,19,30,52,56
1588,05/04/2014,36,29,23,49,32,45
1589,09/04/2014,11,41,51,05,19,04
1590,12/04/2014,40,07,44,55,34,20
1591,16/04/2014,04,23,55,10,38,33
1592,19/04/2014,41,49,36,42,31,38
1593,23/04/2014,04,17,38,09,18,21
1594,26/04/2014,53,43,23,06,07,08
1595,30/04/2014,59,05,42,08,46,02
1596,03/05/2014,05,12,01,07,45,10
1597,07/05/2014,16,52,05,44,10,50
1598,10/05/2014,36,47,42,29,53,31
1599,14/05/2014,35,10,15,58,36,03
1600,17/05/2014,09,46,23,32,35,57
1601,21/05/2014,60,24,56,45,10,08
1602,24/05/2014,08,44,40,35,22,12
1603,28/05/2014,13,53,20,31,60,27
1604,31/05/2014,21,40,51,27,24,02
1605,04/06/2014,42,30,09,19,31,21
1606,07/06/2014,54,01,15,37,46,42
1607,11/06/2014,32,41,51,07,31,52
1608,14/06/2014,06,43,17,05,54,59
1609,18/06/2014,02,26,06,13,53,60
1610,21/06/2014,36,53,35,09,01,04
1611,25/06/2014,24,51,50,28,58,47
1612,28/06/2014,17,51,36,06,42,13
1613,02/07/2014,31,18,04,46,44,49
1614,05/07/2014,49,27,43,17,14,21
1615,09/07/2014,26,20,05,44,33,31
1616,12/07/2014,46,40,58,31,28,42
1617,16/07/2014,23,31,47,54,03,26
1618,19/07/2014,09,51,20,24,52,43
1619,23/07/2014,46,17,05,42,47,08
1620,26/07/2014,57,23,38,13,34,27
1621,30/07/2014,24,22,38,49,10,39
1622,02/08/2014,21,07,05,53,45,04
1623,05/08/2014,33,56,59,43,50,49
1624,07/08/2014,32,02,27,47,58,41
1625,09/08/2014,45,11,22,52,36,40
1626,13/08/2014,03,52,05,43,35,14
1627,16/08/2014,26,57,20,32,45,41
1628,20/08/2014,38,26,60,34,29,50
1629,23/08/2014,47,20,35,04,59,24
1630,27/08/2014,30,43,07,44,01,54
1631,30/08/2014,47,48,44,60,04,29
1632,03/09/2014,18,56,27,06,24,59
1633,06/09/2014,02,11,49,13,36,01
1634,10/09/2014,44,09,33,10,23,51
1635,13/09/2014,30,32,51,08,28,23
1636,17/09/2014,33,19,52,51,35,26
1637,20/09/2014,05,56,24,55,01,47
1638,24/09/2014,38,02,42,58,41,01
1639,27/09/2014,35,51,34,49,16,29
1640,01/10/2014,06,18,46,23,31,02
1641,04/10/2014,51,30,29,33,46,23
1642,08/10/2014,47,03,43,42,60,23
1643,11/10/2014,19,20,16,60,28,37
1644,15/10/2014,10,16,34,13,60,22
1645,18/10/2014,31,37,21,38,08,18
1646,22/10/2014,34,23,41,19,40,58
1647,25/10/2014,38,54,23,12,17,53
1648,29/10/2014,48,18,15,22,20,16
1649,01/11/2014,54,33,24,44,38,42
1650,05/11/2014,23,57,29,17,60,38
1651,08/11/2014,27,44,08,35,38,41
1652,12/11/2014,44,28,24,57,07,26
1653,14/11/2014,45,22,27,21,01,32
1654,19/11/2014,50,33,42,07,58,16
1655,22/11/2014,56,46,07,24,28,53
1656,26/11/2014,06,04,43,54,56,11
1657,29/11/2014,10,54,37,45,14,07
1658,03/12/2014,07,40,19,49,11,23
1659,06/12/2014,20,33,37,49,04,10
1660,10/12/2014,17,38,42,51,34,08
1661,13/12/2014,16,48,43,27,58,13
1662,17/12/2014,57,10,25,14,33,29
1663,20/12/2014,20,27,49,40,55,18
1664,24/12/2014,48,08,21,36,23,29
1665,31/12/2014,20,11,16,01,56,05
1666,03/01/2015,51,27,01,23,45,02
1667,07/01/2015,51,24,56,07,12,44
1668,10/01/2015,47,40,55,57,52,05
1669,14/01/2015,29,28,31,48,45,49
1670,17/01/2015,01,33,30,17,47,19
1671,21/01/2015,21,31,56,55,45,27
1672,24/01/2015,20,10,01,05,42,03
1673,28/01/2015,35,10,47,05,24,23
1674,31/01/2015,42,59,30,58,50,22
1675,04/02/2015,36,03,35,56,18,34
1676,07/02/2015,02,01,37,51,48,11
1677,11/02/2015,52,33,15,28,51,10
1678,14/02/2015,35,52,17,19,09,11
1679,18/02/2015,28,02,01,46,27,47
1680,21/02/2015,37,46,47,51,23,38
1681,25/02/2015,01,33,08,11,06,50
1682,28/02/2015,13,39,51,37,35,07
1683,04/03/2015,48,04,12,34,32,33
1684,07/03/2015,09,12,31,50,18,39
1685,11/03/2015,39,46,18,51,31,03
1686,14/03/2015,44,37,09,55,14,46
1687,18/03/2015,15,58,24,37,46,49
1688,21/03/2015,18,23,42,56,32,30
1689,25/03/2015,41,02,53,05,13,27
1690,28/03/2015,24,45,53,35,26,21
1691,01/04/2015,39,45,58,10,01,24
1692,04/04/2015,44,56,13,14,27,11
1693,08/04/2015,19,18,38,05,21,15
1694,11/04/2015,34,29,20,37,57,45
1695,15/04/2015,36,43,38,24,58,44
1696,18/04/2015,12,01,31,37,17,46
1697,22/04/2015,08,30,23,51,53,58
1698,25/04/2015,24,44,28,13,45,11
1699,29/04/2015,01,10,30,33,38,06
1700,02/05/2015,58,41,48,50,15,18
1701,05/05/2015,09,03,18,40,32,56
1702,07/05/2015,39,52,17,35,19,33
1703,09/05/2015,49,03,35,39,23,26
1704,13/05/2015,11,07,59,51,32,01
1705,16/05/2015,50,37,51,27,29,25
1706,20/05/2015,12,31,34,48,36,56
1707,23/05/2015,36,27,20,07,16,52
1708,27/05/2015,38,50,29,45,17,32
1709,30/05/2015,30,07,47,35,19,42
1710,03/06/2015,59,56,07,28,21,58
1711,06/06/2015,38,22,50,45,26,39
1712,10/06/2015,50,19,59,02,29,12
1713,13/06/2015,03,29,10,16,23,27
1714,17/06/2015,51,02,24,52,36,08
1715,20/06/2015,20,16,35,40,60,53
1716,24/06/2015,25,36,02,53,42,41
1717,27/06/2015,09,58,16,44,02,37
1718,01/07/2015,30,53,04,31,47,32
1719,04/07/2015,44,22,31,54,34,01
1720,07/07/2015,49,39,18,31,57,23
1721,09/07/2015,12,33,04,38,36,19
1722,11/07/2015,41,39,09,49,23,58
1723,15/07/2015,27,60,30,14,46,52
1724,18/07/2015,27,39,37,58,60,33
1725,22/07/2015,26,31,30,18,16,34
1726,25/07/2015,42,54,57,03,49,10
1727,29/07/2015,04,06,41,40,19,20
1728,01/08/2015,28,39,08,59,42,03
1729,04/08/2015,53,14,44,07,23,43
1730,06/08/2015,01,24,10,17,42,51
1731,08/08/2015,59,49,43,05,27,18
1732,12/08/2015,25,60,34,53,45,38
1733,15/08/2015,05,09,41,14,03,46
1734,19/08/2015,52,29,17,41,12,25
1735,22/08/2015,46,16,33,45,34,06
1736,26/08/2015,13,32,12,41,24,29
1737,29/08/2015,59,05,51,42,50,08
1738,02/09/2015,53,46,28,48,37,12
1739,05/09/2015,34,17,09,46,10,32
1740,09/09/2015,38,15,47,25,10,53
1741,12/09/2015,49,18,20,32,15,48
1742,16/09/2015,23,27,21,19,52,11
1743,19/09/2015,34,31,29,04,10,35
1744,23/09/2015,12,09,56,29,14,42
1745,26/09/2015,13,47,60,18,52,09
1746,30/09/2015,37,40,06,58,41,18
1747,03/10/2015,53,34,59,33,48,06
1748,07/10/2015,02,53,13,49,10,41
1749,10/10/2015,33,13,14,03,43,29
1750,13/10/2015,17,41,48,15,20,31
1751,15/10/2015,42,22,51,23,57,15
1752,17/10/2015,36,53,55,37,60,09
1753,21/10/2015,54,08,45,29,35,15
1754,24/10/2015,20,31,40,30,27,53
1755,28/10/2015,48,05,30,18,08,02
1756,31/10/2015,28,13,06,14,45,35
1757,04/11/2015,43,13,28,56,37,25
1758,07/11/2015,06,23,16,11,42,36
1759,10/11/2015,02,14,21,60,22,51
1760,13/11/2015,25,10,24,47,48,36
1761,14/11/2015,53,36,10,09,50,55
1762,18/11/2015,45,59,42,55,32,26
1763,21/11/2015,21,09,15,36,12,31
1764,25/11/2015,06,07,41,39,29,55
1765,28/11/2015,01,28,56,37,06,58
1766,02/12/2015,60,23,22,46,53,41
1767,05/12/2015,44,26,39,35,16,45
1768,09/12/2015,35,11,07,50,34,05
1769,12/12/2015,32,44,54,60,47,37
1770,16/12/2015,34,30,41,11,27,26
1771,19/12/2015,38,02,27,28,32,20
1772,22/12/2015,27,39,19,41,12,45
1773,24/12/2015,45,41,39,30,15,59
1774,26/12/2015,01,52,30,60,20,12
1775,31/12/2015,31,02,51,42,18,56
1776,02/01/2016,39,11,48,14,19,10
1777,06/01/2016,55,04,44,38,19,52
1778,09/01/2016,04,38,48,10,45,40
1779,12/01/2016,25,56,30,12,39,57
1780,14/01/2016,20,06,33,22,31,34
1781,16/01/2016,22,08,52,01,53,49
1782,20/01/2016,34,57,47,18,06,52
1783,23/01/2016,38,16,21,04,18,06
1784,27/01/2016,30,15,54,55,26,04
1785,30/01/2016,27,05,42,54,41,11
1786,02/02/2016,34,08,02,21,25,06
1787,04/02/2016,01,29,13,25,05,26
1788,06/02/2016,42,45,56,13,03,59
1789,10/02/2016,57,59,06,25,43,58
1790,13/02/2016,28,13,11,26,50,27
1791,17/02/2016,55,12,50,18,53,46
1792,20/02/2016,47,41,18,17,02,16
1793,24/02/2016,56,13,22,54,14,58
1794,27/02/2016,01,05,37,60,34,40
1795,02/03/2016,55,50,42,58,47,30
1796,05/03/2016,54,22,48,34,23,53
1797,08/03/2016,02,57,35,13,54,14
1798,10/03/2016,09,28,45,02,23,53
1799,12/03/2016,53,01,03,04,51,39
1800,16/03/2016,31,56,16,06,11,19
1801,19/03/2016,19,45,43,06,54,34
1802,23/03/2016,06,14,02,17,44,13
1803,26/03/2016,04,29,08,49,38,50
1804,30/03/2016,20,50,48,59,28,21
1805,02/04/2016,17,49,27,22,57,31
1806,06/04/2016,11,42,55,58,35,20
1807,09/04/2016,43,15,22,01,16,25
1808,13/04/2016,20,25,45,02,41,14
1809,16/04/2016,23,12,54,46,09,24
1810,20/04/2016,56,10,43,50,01,25
1811,23/04/2016,32,37,05,35,17,57
1812,27/04/2016,45,34,23,20,37,32
1813,30/04/2016,51,09,13,15,19,11
1814,03/05/2016,53,51,27,11,46,09
1815,05/05/2016,60,08,25,39,41,11
1816,07/05/2016,12,10,46,28,22,05
1817,11/05/2016,47,01,26,55,39,04
1818,14/05/2016,10,53,15,02,06,56
1819,18/05/2016,37,26,18,30,33,17
1820,21/05/2016,27,19,23,03,45,40
1821,25/05/2016,53,31,19,52,36,22
1822,28/05/2016,22,53,26,01,43,50
1823,01/06/2016,54,34,59,21,09,04
1824,04/06/2016,19,30,60,12,06,05
1825,07/06/2016,21,54,10,50,51,11
1826,09/06/2016,43,48,32,19,17,51
1827,11/06/2016,43,33,53,26,54,42
1828,15/06/2016,40,32,11,06,59,48
1829,18/06/2016,53,32,30,07,24,13
1830,22/06/2016,29,03,54,07,37,60
1831,25/06/2016,55,15,48,32,28,27
1832,29/06/2016,34,47,57,56,14,46
1833,02/07/2016,02,42,03,27,16,07
1834,06/07/2016,02,22,51,24,48,17
1835,09/07/2016,50,36,08,28,47,58
1836,12/07/2016,59,18,45,60,08,15
1837,14/07/2016,41,48,57,50,44,54
1838,16/07/2016,59,24,30,08,57,05
1839,20/07/2016,28,32,22,56,58,07
1840,23/07/2016,33,41,48,15,17,47
1841,27/07/2016,06,51,13,38,49,03
1842,30/07/2016,18,43,22,24,16,34
1843,03/08/2016,28,26,33,41,08,54
1844,06/08/2016,04,03,37,39,48,50
1845,09/08/2016,09,03,29,13,30,51
1846,11/08/2016,49,26,30,34,24,06
1847,13/08/2016,45,01,57,49,50,06
1848,17/08/2016,58,41,50,40,09,55
1849,20/08/2016,35,27,03,11,44,05
1850,24/08/2016,24,32,23,40,41,38
1851,27/08/2016,35,22,08,37,21,18
1852,31/08/2016,29,13,49,50,45,17
1853,03/09/2016,02,41,39,01,34,45
1854,08/09/2016,59,30,43,31,34,25
1855,10/09/2016,06,38,24,39,15,10
1856,14/09/2016,14,09,02,32,22,37
1857,17/09/2016,53,35,52,25,23,13
1858,20/09/2016,55,30,28,59,33,22
1859,22/09/2016,13,26,01,21,14,51
1860,24/09/2016,10,40,30,44,36,60
1861,28/09/2016,45,09,60,02,35,04
1862,01/10/2016,08,49,35,42,56,02
1863,05/10/2016,23,45,16,58,59,56
1864,08/10/2016,05,04,37,40,60,14
1865,13/10/2016,42,05,32,37,01,31
1866,15/10/2016,14,36,60,38,17,44
1867,18/10/2016,03,43,21,17,22,10
1868,20/10/2016,25,05,31,01,28,23
1869,22/10/2016,11,26,24,52,40,23
1870,26/10/2016,30,40,33,18,20,32
1871,29/10/2016,17,58,33,52,11,03
1872,03/11/2016,39,11,56,46,13,25
1873,05/11/2016,25,05,53,28,41,54
1874,08/11/2016,43,28,10,37,47,44
1875,10/11/2016,53,45,47,01,52,55
1876,12/11/2016,07,18,51,41,44,39
1877,16/11/2016,35,13,32,16,24,23
1878,19/11/2016,56,26,40,16,57,12
1879,23/11/2016,20,58,10,59,57,05
1880,26/11/2016,19,51,56,16,05,37
1881,30/11/2016,30,10,53,44,03,56
1882,03/12/2016,41,35,37,10,19,09
1883,07/12/2016,28,59,16,47,27,60
1884,10/12/2016,38,01,32,04,23,59
1885,14/12/2016,59,07,18,23,32,14
1886,17/12/2016,07,40,54,15,03,45
1887,20/12/2016,23,56,41,46,34,11
1888,22/12/2016,48,01,18,45,17,10
1889,24/12/2016,30,25,23,44,28,16
1890,31/12/2016,05,24,51,22,11,53
1891,04/01/2017,47,01,03,19,23,58
1892,07/01/2017,50,22,06,37,30,17
1893,11/01/2017,17,58,45,19,28,16
1894,14/01/2017,31,35,57,54,21,53
1895,18/01/2017,03,05,02,34,10,15
1896,21/01/2017,25,06,14,21,03,15
1897,25/01/2017,52,09,58,47,22,25
1898,28/01/2017,53,12,58,55,34,45
1899,01/02/2017,48,35,44,23,36,20
1900,04/02/2017,46,11,08,43,28,27
1901,08/02/2017,30,53,26,11,37,12
1902,11/02/2017,25,18,02,21,09,07
1903,15/02/2017,09,43,10,15,45,28
1904,18/02/2017,21,18,56,15,51,12
1905,21/02/2017,43,54,29,57,35,56
1906,23/02/2017,27,40,33,06,39,60
1907,25/02/2017,03,48,44,35,25,38
1908,01/03/2017,10,27,57,13,23,04
1909,04/03/2017,47,43,45,40,57,11
1910,08/03/2017,09,06,39,15,22,48
1911,11/03/2017,32,16,33,23,18,30
1912,15/03/2017,42,10,33,36,13,35
1913,18/03/2017,14,56,52,17,04,43
1914,22/03/2017,39,33,29,16,44,42
1915,25/03/2017,57,21,02,33,20,48
1916,29/03/2017,03,50,18,23,09,52
1917,01/04/2017,04,36,25,21,46,33
1918,05/04/2017,22,17,50,38,20,16
1919,08/04/2017,60,28,54,37,45,11
1920,12/04/2017,39,45,31,25,43,33
1921,15/04/2017,19,10,16,15,28,35
1922,19/04/2017,20,41,22,36,43,38
1923,22/04/2017,46,34,59,45,09,42
1924,26/04/2017,16,52,53,58,30,12
1925,29/04/2017,47,43,38,01,17,45
1926,03/05/2017,46,03,02,30,14,20
1927,06/05/2017,11,05,30,31,13,19
1928,09/05/2017,28,51,59,26,53,10
1929,11/05/2017,10,52,23,36,03,43
1930,13/05/2017,17,56,37,52,18,04
1931,17/05/2017,34,08,02,15,09,22
1932,20/05/2017,55,21,16,44,29,10
1933,24/05/2017,15,19,35,59,14,02
1934,27/05/2017,56,39,35,08,23,59
1935,31/05/2017,24,17,10,01,03,23
1936,03/06/2017,51,40,52,24,12,03
1937,07/06/2017,10,29,24,43,06,55
1938,10/06/2017,10,54,42,16,40,32
1939,14/06/2017,39,29,24,52,07,45
1940,17/06/2017,36,16,09,47,13,17
1941,21/06/2017,38,01,09,48,49,24
1942,24/06/2017,48,20,43,18,06,24
1943,28/06/2017,43,11,39,09,30,12
1944,01/07/2017,08,57,47,39,09,59
1945,04/07/2017,08,54,21,10,45,04
1946,06/07/2017,06,39,04,44,52,60
1947,08/07/2017,52,59,55,40,08,33
1948,12/07/2017,28,33,20,24,57,12
1949,15/07/2017,30,01,14,56,22,06
1950,19/07/2017,32,21,10,48,34,57
1951,22/07/2017,55,14,16,21,33,19
1952,26/07/2017,09,21,53,36,52,38
1953,29/07/2017,45,29,42,09,43,26
1954,02/08/2017,40,09,49,25,35,33
1955,05/08/2017,15,41,45,33,36,27
1956,08/08/2017,20,40,28,05,08,45
1957,10/08/2017,23,47,29,02,14,22
1958,12/08/2017,55,34,22,20,24,15
1959,16/08/2017,56,43,21,08,27,35
1960,19/08/2017,43,39,18,25,37,01
1961,23/08/2017,50,30,25,17,32,26
1962,26/08/2017,39,05,06,53,15,25
1963,30/08/2017,34,60,05,04,07,42
1964,02/09/2017,32,27,48,36,02,50
1965,06/09/2017,28,26,55,38,48,35
1966,09/09/2017,19,10,32,60,13,40
1967,13/09/2017,32,39,13,54,30,46
1968,16/09/2017,35,48,44,39,36,52
1969,19/09/2017,30,59,20,32,08,48
1970,21/09/2017,10,18,24,05,39,52
1971,23/09/2017,54,10,52,41,44,04
1972,27/09/2017,20,09,59,54,16,57
1973,30/09/2017,17,16,60,12,52,01
1974,04/10/2017,19,57,38,54,04,27
1975,07/10/2017,08,24,47,26,11,57
1976,11/10/2017,52,14,19,12,59,25
1977,14/10/2017,28,03,32,34,37,16
1978,17/10/2017,06,02,57,22,55,44
1979,19/10/2017,38,23,45,32,29,22
1980,21/10/2017,18,16,12,34,37,17
1981,25/10/2017,15,06,39,19,37,53
1982,28/10/2017,46,24,20,04,50,14
1983,01/11/2017,14,22,06,05,10,36
1984,04/11/2017,43,32,21,50,35,29
1985,07/11/2017,09,36,29,28,34,55
1986,09/11/2017,55,23,44,43,36,56
1987,11/11/2017,10,58,14,45,31,34
1988,16/11/2017,05,39,10,54,46,42
1989,18/11/2017,40,58,30,32,15,22
1990,22/11/2017,37,26,11,24,59,34
1991,25/11/2017,19,34,44,36,20,28
1992,29/11/2017,21,11,13,53,54,05
1993,02/12/2017,50,57,48,17,06,33
1994,06/12/2017,44,05,32,02,12,40
1995,09/12/2017,14,37,39,26,35,29
1996,13/12/2017,56,21,20,07,40,24
1997,16/12/2017,14,07,35,01,31,46
1998,19/12/2017,57,21,24,52,25,08
1999,21/12/2017,42,38,49,15,50,37
2000,31/12/2017,06,37,34,10,03,17
2001,03/01/2018,22,20,52,60,42,36
2002,06/01/2018,59,46,28,38,04,30
2003,10/01/2018,40,50,43,28,51,34
2004,13/01/2018,45,35,01,23,05,14
2005,17/01/2018,22,19,33,11,53,34
2006,20/01/2018,20,09,01,14,54,25
2007,24/01/2018,41,14,54,04,39,58
2008,27/01/2018,27,22,58,33,59,42
2009,31/01/2018,01,48,50,44,37,46
2010,03/02/2018,18,56,08,34,39,10
2011,06/02/2018,28,35,58,54,02,32
2012,08/02/2018,11,51,36,08,35,27
2013,10/02/2018,06,36,53,30,56,23
2014,14/02/2018,46,32,16,56,40,53
2015,17/02/2018,18,58,32,39,27,17
2016,21/02/2018,11,17,48,18,04,21
2017,24/02/2018,56,10,11,02,38,24
2018,28/02/2018,55,11,27,22,25,59
2019,03/03/2018,41,46,54,59,23,52
2020,07/03/2018,02,46,57,60,48,36
2021,10/03/2018,32,37,40,60,07,14
2022,14/03/2018,28,60,52,45,04,48
2023,17/03/2018,23,56,08,07,01,06
2024,21/03/2018,29,16,20,35,47,23
2025,24/03/2018,52,56,04,24,46,55
2026,28/03/2018,51,33,23,52,31,10
2027,31/03/2018,11,15,39,37,29,44
2028,04/04/2018,07,42,58,36,24,11
2029,07/04/2018,15,37,18,33,40,06
2030,11/04/2018,38,04,58,40,27,59
2031,14/04/2018,23,39,18,55,50,37
2032,17/04/2018,19,39,20,53,14,06
2033,20/04/2018,40,10,18,33,38,43
2034,25/04/2018,07,56,22,13,06,17
2035,28/04/2018,52,35,49,30,38,36
2036,02/05/2018,23,58,08,19,27,07
2037,05/05/2018,60,30,14,45,23,16
2038,08/05/2018,26,35,40,25,06,38
2039,10/05/2018,28,22,06,31,44,12
2040,12/05/2018,56,58,54,06,41,09
2041,16/05/2018,10,12,54,42,22,25
2042,19/05/2018,33,32,22,29,35,14
2043,23/05/2018,53,58,21,38,57,56
2044,26/05/2018,14,07,60,54,47,56
2045,30/05/2018,27,46,15,25,50,45
2046,02/06/2018,27,11,06,28,46,03
2047,06/06/2018,18,19,44,54,01,29
2048,09/06/2018,10,39,38,35,26,19
2049,13/06/2018,19,10,27,31,51,53
2050,16/06/2018,33,50,38,32,08,31
2051,20/06/2018,37,05,44,01,53,06
2052,23/06/2018,57,50,56,51,58,59
2053,27/06/2018,12,27,40,37,22,55
2054,30/06/2018,39,04,07,12,26,22
2055,03/07/2018,53,43,46,25,35,06
2056,05/07/2018,29,47,22,36,34,18
2057,07/07/2018,37,38,20,13,10,54
2058,11/07/2018,19,04,23,29,59,56
2059,14/07/2018,05,04,36,56,40,44
2060,18/07/2018,11,39,41,09,25,08
2061,21/07/2018,33,45,44,40,36,54
2062,25/07/2018,08,15,34,25,10,23
2063,28/07/2018,10,19,29,24,06,25
2064,01/08/2018,55,53,14,10,36,60
2065,04/08/2018,04,11,43,20,30,37
2066,08/08/2018,27,55,35,06,25,45
2067,11/08/2018,59,02,11,32,26,13
2068,14/08/2018,05,47,40,09,42,03
2069,16/08/2018,40,03,48,17,34,35
2070,18/08/2018,05,26,42,27,48,34
2071,22/08/2018,35,46,34,60,24,33
2072,25/08/2018,22,13,10,20,12,54
2073,29/08/2018,55,12,15,30,52,18
2074,01/09/2018,42,08,18,37,58,23
2075,05/09/2018,59,23,33,57,09,07
2076,08/09/2018,06,15,43,05,12,22
2077,12/09/2018,37,13,16,26,39,35
2078,15/09/2018,30,36,02,11,39,15
2079,18/09/2018,55,37,58,14,02,01
2080,20/09/2018,58,55,46,22,40,10
2081,22/09/2018,40,42,13,18,35,41
2082,26/09/2018,25,33,42,49,06,48
2083,29/09/2018,56,33,01,19,18,60
2084,03/10/2018,20,37,26,07,39,38
2085,06/10/2018,25,49,12,21,38,37
2086,10/10/2018,04,53,35,43,47,46
2087,13/10/2018,19,18,53,34,02,23
2088,17/10/2018,24,03,27,38,14,56
2089,20/10/2018,38,48,05,49,10,32
2090,23/10/2018,11,08,18,40,37,51
2091,25/10/2018,12,11,10,59,38,37
2092,27/10/2018,13,17,27,11,15,22
2093,31/10/2018,54,34,52,08,14,27
2094,03/11/2018,04,33,16,44,19,31
2095,07/11/2018,49,29,56,43,35,16
2096,10/11/2018,11,51,06,24,13,19
2097,14/11/2018,51,28,24,49,09,45
2098,17/11/2018,02,38,27,60,18,08
2099,21/11/2018,30,15,05,58,20,27
2100,24/11/2018,01,35,13,11,10,49
2101,28/11/2018,58,56,18,08,02,37
2102,01/12/2018,06,04,17,57,34,51
2103,04/12/2018,13,40,50,46,03,44
2104,06/12/2018,12,45,10,56,02,27
2105,08/12/2018,16,46,13,11,24,31
2106,12/12/2018,27,03,39,40,36,43
2107,15/12/2018,50,44,60,38,56,08
2108,18/12/2018,44,59,29,19,41,22
2109,20/12/2018,04,16,44,49,12,34
2110,31/12/2018,25,33,10,12,18,05
2111,02/01/2019,54,41,01,46,58,44
2112,05/01/2019,17,46,43,53,52,39
2113,09/01/2019,11,21,46,14,25,50
2114,12/01/2019,35,17,30,25,42,57
2115,15/01/2019,19,40,35,44,27,04
2116,17/01/2019,21,19,01,09,34,54
2117,19/01/2019,28,43,04,29,52,30
2118,23/01/2019,41,11,12,46,20,40
2119,26/01/2019,42,49,26,31,19,21
2120,30/01/2019,38,41,20,24,25,13
2121,02/02/2019,37,08,17,29,10,40
2122,06/02/2019,27,21,03,11,15,49
2123,09/02/2019,47,59,14,56,50,15
2124,13/02/2019,31,20,47,43,02,11
2125,16/02/2019,44,01,31,53,46,58
2126,20/02/2019,58,39,27,07,24,12
2127,23/02/2019,07,46,28,30,44,01
2128,26/02/2019,24,55,46,16,11,54
2129,28/02/2019,60,46,12,06,32,31
2130,02/03/2019,13,53,16,36,55,54
2131,06/03/2019,28,18,20,06,02,03
2132,09/03/2019,05,60,18,39,35,30
2133,13/03/2019,26,20,19,51,52,57
2134,16/03/2019,54,06,46,21,59,34
2135,20/03/2019,23,48,59,28,40,09
2136,23/03/2019,35,22,11,01,30,08
2137,27/03/2019,02,01,49,11,12,34
2138,30/03/2019,30,34,04,21,13,14
2139,03/04/2019,58,29,23,41,14,57
2140,06/04/2019,20,54,36,17,42,26
2141,10/04/2019,10,19,11,37,41,17
2142,13/04/2019,44,50,52,57,07,40
2143,17/04/2019,12,58,35,51,02,57
2144,20/04/2019,21,33,55,16,07,60
2145,24/04/2019,06,59,28,08,51,53
2146,27/04/2019,39,42,16,18,44,31
2147,02/05/2019,49,42,17,19,37,41
2148,04/05/2019,59,33,08,58,32,15
2149,08/05/2019,21,48,46,23,44,37
2150,11/05/2019,38,24,23,26,42,49
2151,15/05/2019,36,38,02,29,14,18
2152,18/05/2019,49,36,29,26,59,50
2153,22/05/2019,13,28,31,08,33,32
2154,25/05/2019,53,41,47,50,07,25
2155,29/05/2019,37,44,02,27,06,47
2156,01/06/2019,49,39,23,06,26,01
2157,05/06/2019,34,48,31,39,33,35
2158,08/06/2019,09,27,46,59,35,45
2159,12/06/2019,53,35,38,14,45,26
2160,15/06/2019,53,49,01,46,47,19
2161,19/06/2019,24,10,08,44,09,42
2162,22/06/2019,11,30,42,34,16,22
2163,26/06/2019,45,20,24,36,18,08
2164,29/06/2019,48,17,58,47,16,25
2165,03/07/2019,56,49,54,43,05,37
2166,06/07/2019,44,03,34,56,19,58
2167,09/07/2019,37,45,38,43,54,27
2168,11/07/2019,37,25,29,04,01,27
2169,13/07/2019,45,07,34,59,51,54
2170,17/07/2019,36,21,51,10,24,38
2171,20/07/2019,19,12,13,36,55,44
2172,24/07/2019,09,57,43,37,28,24
2173,27/07/2019,09,48,44,42,02,50
2174,31/07/2019,36,10,34,15,60,56
2175,03/08/2019,55,53,07,32,43,25
2176,06/08/2019,23,08,25,43,39,44
2177,08/08/2019,14,09,48,11,31,51
2178,10/08/2019,16,21,42,02,50,56
2179,14/08/2019,24,02,35,54,50,13
2180,17/08/2019,16,12,10,21,28,38
2181,21/08/2019,08,01,19,48,36,33
2182,24/08/2019,59,47,46,19,39,22
2183,28/08/2019,51,13,43,30,34,26
2184,31/08/2019,51,15,52,36,59,45
2185,04/09/2019,19,42,18,47,22,09
2186,09/09/2019,27,19,12,41,18,46
2187,11/09/2019,16,21,50,10,46,11
2188,14/09/2019,60,51,21,28,02,17
2189,18/09/2019,33,29,11,04,16,22
2190,21/09/2019,53,35,25,09,05,20
2191,24/09/2019,33,46,26,04,53,08
2192,26/09/2019,57,53,07,59,16,37
2193,28/09/2019,08,07,42,27,29,22
2194,02/10/2019,16,08,20,21,34,31
2195,05/10/2019,24,32,38,53,46,14
2196,09/10/2019,56,28,27,01,41,25
2197,14/10/2019,29,11,03,35,44,57
2198,16/10/2019,56,11,34,44,36,01
2199,19/10/2019,38,23,30,44,35,15
2200,22/10/2019,28,55,36,43,11,15
2201,24/10/2019,13,49,03,41,53,23
2202,26/10/2019,43,60,37,38,29,11
2203,30/10/2019,34,46,57,50,17,49
2204,04/11/2019,32,56,29,28,01,35
2205,06/11/2019,21,42,12,57,37,28
2206,09/11/2019,42,38,45,06,27,57
2207,13/11/2019,43,11,06,55,53,10
2208,16/11/2019,30,45,16,49,25,40
2209,20/11/2019,32,22,47,28,33,25
2210,23/11/2019,11,33,34,25,24,17
2211,27/11/2019,27,44,36,54,41,40
2212,30/11/2019,51,58,53,52,26,23
2213,04/12/2019,07,05,10,60,32,46
2214,07/12/2019,18,30,04,10,34,47
2215,11/12/2019,21,23,43,01,19,33
2216,14/12/2019,24,42,48,10,43,49
2217,17/12/2019,16,32,36,30,14,10
2218,19/12/2019,16,06,38,22,52,48
2219,21/12/2019,57,59,45,08,28,36
2220,31/12/2019,38,58,35,03,40,57
2221,04/01/2020,23,34,45,57,05,56
2222,08/01/2020,14,48,30,29,59,13
2223,11/01/2020,49,26,02,56,40,42
2224,15/01/2020,23,50,58,32,52,16
2225,18/01/2020,01,37,47,44,46,32
2226,21/01/2020,02,07,38,30,04,16
2227,23/01/2020,09,06,27,32,12,57
2228,25/01/2020,19,45,39,09,23,32
2229,29/01/2020,06,41,40,29,58,11
2230,01/02/2020,39,17,56,60,26,07
2231,05/02/2020,04,13,53,40,25,57
2232,08/02/2020,31,34,38,47,07,08
2233,12/02/2020,45,35,06,41,04,32
2234,15/02/2020,47,29,42,04,27,21
2235,19/02/2020,14,55,35,30,18,57
2236,22/02/2020,07,53,43,20,45,38
2237,27/02/2020,60,27,28,20,53,11
2238,29/02/2020,57,36,11,58,55,45
2239,04/03/2020,27,39,07,31,46,45
2240,07/03/2020,25,09,07,10,58,19
2241,10/03/2020,56,18,26,13,01,40
2242,12/03/2020,24,42,18,05,25,09
2243,14/03/2020,14,38,28,18,35,54
2244,18/03/2020,11,05,42,03,34,37
2245,21/03/2020,33,11,14,34,15,18
2246,25/03/2020,09,33,46,24,27,05
2247,28/03/2020,42,53,47,01,44,48
2248,01/04/2020,20,09,42,29,30,15
2249,04/04/2020,04,49,09,31,47,53
2250,08/04/2020,39,52,27,57,58,33
2251,11/04/2020,58,22,26,15,54,05
2252,15/04/2020,46,50,01,17,37,30
2253,18/04/2020,32,39,55,33,52,31
2254,22/04/2020,47,04,24,44,56,09
2255,25/04/2020,20,15,57,49,39,41